,target,y_pred
2735,0,3
31144,6,3
24701,4,4
15962,3,0
20510,4,2
15144,3,3
7659,2,5
2655,0,3
18026,3,0
28377,5,2
28531,5,4
27495,5,5
35689,6,3
21354,4,3
33389,6,6
30671,6,3
7661,2,5
10249,2,2
31591,6,6
30743,6,3
33005,6,0
15036,3,0
6347,2,2
21099,4,3
35712,6,4
12291,3,6
26242,5,5
34217,6,0
17424,3,6
16303,3,6
27328,5,3
13548,3,0
3011,0,0
26462,5,5
22024,4,4
35587,6,3
859,0,3
17995,3,6
32087,6,3
18551,3,2
19647,4,3
1729,0,6
24619,4,3
27521,5,5
4391,0,6
31611,6,3
19350,3,4
22572,4,5
35745,6,4
664,0,6
29515,5,5
11439,3,3
31786,6,4
33805,6,3
31903,6,6
28024,5,4
7135,2,0
31735,6,3
17017,3,0
16801,3,6
35613,6,3
29283,5,3
11418,3,3
12152,3,5
4431,0,2
32155,6,5
27276,5,5
32670,6,3
26863,5,5
27252,5,5
13196,3,0
17551,3,3
11907,3,3
14834,3,4
26230,5,3
23194,4,3
24777,4,4
8334,2,0
14186,3,3
6716,2,2
30165,6,3
31420,6,3
30592,6,4
14783,3,6
18958,3,0
7206,2,2
1162,0,3
30741,6,5
13573,3,5
16240,3,6
22925,4,4
11135,3,6
11640,3,3
17699,3,2
27779,5,6
17956,3,0
32384,6,3
26533,5,3
10049,2,3
4251,0,4
25289,4,3
3010,0,3
17548,3,2
4963,1,1
9766,2,5
15235,3,6
18738,3,6
7118,2,2
11365,3,5
18624,3,2
26859,5,5
16362,3,6
24392,4,4
21963,4,3
18663,3,4
1754,0,0
22597,4,4
35320,6,6
1428,0,3
48,0,3
2020,0,5
25418,4,3
751,0,3
1681,0,3
4532,0,6
31870,6,3
34985,6,6
22944,4,4
29302,5,5
11014,3,3
6513,2,6
28555,5,5
578,0,3
11646,3,2
20007,4,2
22540,4,0
33911,6,3
4895,0,4
10861,3,3
12008,3,3
18528,3,2
24484,4,2
19751,4,4
24196,4,6
11019,3,6
16880,3,0
30010,6,3
24012,4,3
35859,6,3
8185,2,4
29940,6,6
2950,0,4
4812,0,3
6291,2,5
32267,6,0
18866,3,3
3158,0,6
10672,3,5
26813,5,4
17308,3,3
2361,0,0
9990,2,0
6046,2,2
7593,2,6
16008,3,4
25234,4,3
30441,6,6
32828,6,6
1924,0,3
18206,3,0
14692,3,3
34082,6,3
16097,3,4
19984,4,4
8406,2,2
6764,2,3
26347,5,2
5686,2,0
19400,3,3
25718,5,6
47,0,3
34078,6,3
23058,4,5
7722,2,3
9844,2,4
31976,6,3
34342,6,5
31989,6,3
1337,0,3
2543,0,3
15236,3,4
30452,6,0
31674,6,0
34150,6,5
15387,3,2
34839,6,3
16899,3,3
5849,2,3
28470,5,5
30717,6,6
21392,4,3
28646,5,3
33896,6,3
32173,6,2
23726,4,4
24831,4,6
22166,4,3
31085,6,3
18707,3,5
30112,6,4
12581,3,4
25963,5,5
18783,3,4
24942,4,0
29402,5,3
27021,5,3
30017,6,6
19586,3,5
31409,6,0
6329,2,4
4488,0,6
16162,3,3
9178,2,3
16089,3,6
9260,2,4
4695,0,5
13974,3,3
23311,4,3
14323,3,2
5491,1,0
30952,6,3
21247,4,3
11407,3,2
33158,6,3
9443,2,2
18046,3,6
24397,4,3
23873,4,0
17110,3,3
31244,6,6
21999,4,3
7445,2,3
21098,4,0
23896,4,4
31900,6,3
19617,4,6
14384,3,3
31063,6,3
26530,5,3
33453,6,2
28414,5,2
15768,3,2
17012,3,3
32506,6,3
30902,6,3
16978,3,3
19385,3,0
33129,6,3
32758,6,4
9908,2,3
6443,2,3
26807,5,5
34624,6,6
28126,5,5
24381,4,0
30895,6,3
14411,3,3
6008,2,3
25895,5,5
12043,3,0
31021,6,5
17083,3,5
26351,5,3
31170,6,6
17465,3,3
23148,4,2
32128,6,6
14080,3,0
18299,3,2
10908,3,3
18722,3,3
515,0,3
7753,2,2
15364,3,3
7011,2,6
21854,4,3
35430,6,2
6173,2,2
12561,3,2
24993,4,3
0,0,3
2284,0,0
15548,3,6
5373,1,3
13785,3,0
17031,3,5
28867,5,4
11803,3,4
4600,0,4
15785,3,6
33077,6,2
16953,3,6
26285,5,6
33353,6,3
4937,0,0
28699,5,5
34569,6,6
26341,5,5
14587,3,3
12886,3,3
7260,2,4
28615,5,4
8836,2,2
13954,3,0
25271,4,3
5081,1,0
29918,6,4
24758,4,3
7051,2,6
12865,3,6
4622,0,6
31276,6,3
7389,2,3
29518,5,5
16530,3,6
12849,3,4
34187,6,3
35093,6,2
13804,3,3
898,0,3
9626,2,2
24986,4,3
16161,3,4
8366,2,3
29493,5,3
15497,3,6
870,0,5
34121,6,3
30603,6,4
23541,4,3
15384,3,5
8630,2,3
15441,3,4
27061,5,3
5350,1,1
33602,6,6
10027,2,0
31186,6,6
759,0,5
21279,4,4
13051,3,3
12342,3,3
13354,3,4
21145,4,0
16898,3,3
22118,4,4
18405,3,3
15154,3,5
3202,0,6
4320,0,4
2060,0,4
35020,6,4
2357,0,0
22917,4,4
1988,0,2
30048,6,4
31091,6,6
23992,4,0
14595,3,3
1626,0,3
33448,6,3
1498,0,3
6554,2,5
7573,2,4
11597,3,6
29308,5,0
7665,2,2
30498,6,3
13389,3,6
29073,5,5
20890,4,4
7924,2,2
4878,0,3
16568,3,6
27157,5,5
27638,5,3
8379,2,2
14530,3,0
33510,6,2
27981,5,3
30211,6,3
8150,2,3
25598,4,4
15294,3,4
32768,6,0
21002,4,0
1994,0,3
24356,4,4
33147,6,4
14239,3,3
16191,3,3
4409,0,2
4714,0,2
13979,3,5
5147,1,0
17895,3,2
24105,4,3
23898,4,3
33904,6,3
16203,3,3
29001,5,5
20456,4,3
28643,5,3
17359,3,6
5905,2,5
32709,6,4
15755,3,6
7120,2,3
1431,0,0
1973,0,3
33877,6,0
22495,4,4
18806,3,3
33936,6,0
33996,6,4
20331,4,3
30450,6,3
20530,4,3
15996,3,6
22610,4,3
19176,3,6
13305,3,2
10918,3,3
8926,2,4
11808,3,2
33867,6,4
26792,5,6
28079,5,5
5917,2,3
21285,4,6
9738,2,3
14753,3,3
22081,4,4
5822,2,3
4701,0,5
33892,6,3
2355,0,3
14118,3,4
1672,0,2
12789,3,3
17754,3,6
3301,0,5
33939,6,3
10971,3,4
3330,0,6
18605,3,3
6137,2,3
4982,1,1
31463,6,6
8180,2,4
23133,4,3
14388,3,3
20918,4,6
16081,3,4
563,0,0
26257,5,4
34254,6,2
9132,2,6
10379,2,2
7132,2,3
31833,6,3
15968,3,4
35714,6,5
7808,2,4
20741,4,3
10738,3,6
21775,4,0
764,0,3
15490,3,4
26519,5,3
33848,6,0
1018,0,2
24847,4,4
14007,3,3
27610,5,4
14243,3,3
26422,5,3
8137,2,3
6918,2,3
4005,0,3
3830,0,6
16522,3,0
13957,3,3
21682,4,5
18792,3,3
28270,5,3
25275,4,0
15090,3,4
29039,5,5
12476,3,5
18173,3,3
14658,3,3
30872,6,5
23539,4,3
25700,5,5
11215,3,6
6824,2,5
8450,2,4
20943,4,4
25395,4,5
12965,3,3
28099,5,5
5921,2,3
24805,4,4
13541,3,5
25416,4,3
4859,0,3
35363,6,3
31102,6,3
23558,4,2
9255,2,3
27487,5,6
8263,2,5
12841,3,4
27536,5,0
20866,4,3
29637,5,5
6505,2,2
32219,6,3
4629,0,6
22787,4,0
10888,3,6
15188,3,6
15613,3,6
1860,0,3
21656,4,4
35033,6,0
1327,0,3
31904,6,6
19549,3,3
24271,4,3
26262,5,6
20186,4,4
25766,5,5
9163,2,5
35064,6,0
19240,3,3
30063,6,3
32853,6,3
20756,4,4
14371,3,3
6195,2,2
1963,0,4
25494,4,4
7123,2,2
25315,4,6
32149,6,3
26085,5,5
8330,2,4
31801,6,6
30652,6,3
22322,4,3
18054,3,3
13536,3,6
11945,3,3
1853,0,4
32902,6,5
9441,2,5
16756,3,4
21274,4,6
3947,0,6
18345,3,6
25159,4,2
3950,0,2
9106,2,4
2176,0,3
22074,4,6
13141,3,3
273,0,3
22837,4,4
6373,2,4
15627,3,4
34755,6,0
20313,4,3
30190,6,2
12565,3,4
34628,6,4
19688,4,4
7698,2,2
7155,2,6
10165,2,3
21329,4,2
23732,4,5
27602,5,5
5404,1,4
9520,2,6
26601,5,6
4596,0,5
32695,6,2
27166,5,5
35231,6,6
21471,4,6
28813,5,6
20337,4,0
15066,3,4
20540,4,4
19558,3,4
255,0,0
25176,4,6
22374,4,6
34355,6,3
12939,3,6
26083,5,5
4068,0,4
34285,6,2
13101,3,3
28794,5,5
12954,3,3
9232,2,2
11447,3,2
11977,3,6
15284,3,3
5174,1,1
22416,4,3
20318,4,4
27969,5,5
18255,3,3
21014,4,6
31527,6,3
27109,5,5
33483,6,6
16985,3,3
875,0,2
19165,3,6
23697,4,3
4429,0,2
7277,2,4
15123,3,3
19094,3,4
32851,6,6
12754,3,2
13429,3,3
7681,2,2
25068,4,0
19203,3,3
2908,0,4
14471,3,4
35217,6,2
20219,4,5
25452,4,5
33031,6,6
23064,4,6
33980,6,0
13584,3,2
2153,0,3
2760,0,4
28151,5,3
21213,4,2
15770,3,3
19783,4,3
4693,0,3
30174,6,6
34730,6,3
34408,6,3
13963,3,6
35256,6,0
26531,5,2
4111,0,6
14791,3,6
29788,6,0
12988,3,4
28734,5,5
30957,6,6
8969,2,3
25122,4,3
11710,3,4
22981,4,6
4337,0,4
20439,4,3
8801,2,5
399,0,3
7836,2,0
3861,0,0
33239,6,6
14083,3,6
9712,2,3
12707,3,4
19014,3,5
21716,4,3
33868,6,4
28596,5,3
29233,5,3
26724,5,5
25591,4,6
34029,6,6
31580,6,3
676,0,0
32491,6,6
13443,3,6
18308,3,3
15401,3,4
30693,6,3
22807,4,3
25910,5,5
32467,6,4
20832,4,5
33262,6,6
21712,4,4
13951,3,3
5636,2,3
11325,3,2
21143,4,3
21922,4,3
22488,4,6
11898,3,3
27138,5,5
24159,4,4
6906,2,3
19961,4,4
1323,0,6
19891,4,2
20279,4,2
29179,5,5
27705,5,3
34634,6,3
14418,3,3
31045,6,0
16617,3,6
29086,5,6
25471,4,0
486,0,3
21224,4,3
4019,0,3
14333,3,4
23301,4,6
20886,4,4
26890,5,3
25774,5,5
18504,3,3
15251,3,3
1857,0,3
22019,4,6
7107,2,3
4241,0,0
22950,4,2
33372,6,2
2615,0,0
35247,6,3
9964,2,4
5837,2,3
28832,5,3
35241,6,6
590,0,3
25853,5,3
11919,3,4
7240,2,4
29472,5,2
32612,6,2
33981,6,6
9939,2,2
30908,6,0
6393,2,3
31934,6,4
7286,2,4
34961,6,3
4236,0,2
30222,6,3
1346,0,3
21441,4,3
21463,4,4
22088,4,3
11464,3,3
682,0,4
11531,3,3
14578,3,5
3926,0,3
10466,2,3
4066,0,0
6510,2,0
32507,6,3
11291,3,6
11179,3,4
10261,2,0
9158,2,2
5932,2,3
17564,3,3
15282,3,3
8372,2,3
24075,4,3
13074,3,0
28542,5,3
4419,0,3
27858,5,3
12992,3,3
16344,3,4
27971,5,2
24891,4,6
924,0,0
16663,3,6
34208,6,2
25177,4,2
30138,6,3
27437,5,5
22858,4,6
31897,6,3
2743,0,4
24145,4,3
9014,2,1
27750,5,5
7688,2,2
22120,4,3
21394,4,3
8285,2,4
27127,5,3
5308,1,4
10389,2,3
11131,3,3
12295,3,3
29037,5,3
8586,2,3
7448,2,2
29312,5,6
33902,6,3
7769,2,5
6416,2,2
8254,2,3
17901,3,2
5205,1,0
4619,0,2
19317,3,3
34714,6,3
25795,5,5
24748,4,6
18540,3,6
29964,6,2
2490,0,5
31928,6,0
3017,0,0
865,0,4
22884,4,3
18698,3,6
1703,0,3
16397,3,3
7643,2,4
30923,6,3
352,0,4
20501,4,3
7050,2,6
30658,6,4
34061,6,3
12216,3,4
2675,0,6
35775,6,3
1216,0,3
6957,2,3
4415,0,0
1302,0,0
3568,0,6
499,0,4
12462,3,4
32852,6,5
22493,4,6
26960,5,5
32400,6,0
24212,4,3
193,0,0
18550,3,3
18465,3,3
25141,4,3
23601,4,6
9175,2,3
4207,0,2
28343,5,5
21060,4,2
17451,3,3
33090,6,4
15283,3,3
15635,3,2
26687,5,6
29694,6,4
32010,6,6
16294,3,3
16527,3,3
14541,3,2
20675,4,6
30002,6,4
29685,5,5
7422,2,4
10105,2,0
33252,6,3
33560,6,5
12882,3,0
29987,6,3
16610,3,3
33357,6,2
15433,3,3
2791,0,3
991,0,3
7229,2,3
1766,0,3
3442,0,6
23033,4,2
11129,3,6
5741,2,3
18621,3,6
11971,3,0
25536,4,4
3078,0,3
26135,5,3
35559,6,3
21953,4,3
10595,2,3
7001,2,2
2964,0,2
19217,3,3
16160,3,3
27575,5,2
7141,2,6
32911,6,6
3242,0,3
11671,3,6
8821,2,3
11153,3,2
35474,6,4
31647,6,4
24969,4,3
2434,0,3
6620,2,2
6215,2,3
17226,3,6
1112,0,3
2533,0,3
32376,6,3
31023,6,4
26448,5,5
23554,4,3
11878,3,0
14836,3,6
935,0,2
7317,2,6
5617,2,3
29516,5,5
8302,2,0
3015,0,3
23599,4,4
30175,6,3
27803,5,2
31558,6,2
9774,2,3
6499,2,2
1615,0,5
9966,2,3
8239,2,2
25469,4,0
22339,4,3
25879,5,5
20433,4,3
7024,2,3
12878,3,2
5538,2,3
7020,2,3
1068,0,3
13617,3,3
3670,0,5
15837,3,0
14222,3,6
5103,1,1
21958,4,3
17105,3,3
5459,1,2
10081,2,2
23783,4,4
8697,2,2
13521,3,3
15082,3,3
8403,2,2
29379,5,2
20119,4,4
23962,4,3
23447,4,4
16155,3,4
18187,3,6
30502,6,0
10114,2,3
28498,5,5
27272,5,5
21666,4,3
2362,0,6
21316,4,0
12270,3,3
25810,5,5
9715,2,2
30137,6,2
18337,3,0
30229,6,3
34969,6,3
4108,0,0
31077,6,6
25011,4,4
15391,3,3
5434,1,1
12440,3,3
4595,0,3
35751,6,3
34812,6,4
26266,5,3
31578,6,6
22568,4,0
15609,3,4
12369,3,6
31362,6,3
485,0,4
21900,4,3
32566,6,3
27327,5,5
20464,4,3
13301,3,4
28803,5,5
15325,3,3
13531,3,2
28967,5,3
8716,2,2
18232,3,3
13244,3,4
15687,3,3
12458,3,0
32356,6,6
27088,5,3
10564,2,0
20359,4,3
28527,5,3
11749,3,6
24709,4,3
29054,5,3
35460,6,0
6937,2,3
28395,5,3
24928,4,3
11631,3,4
24283,4,2
1260,0,3
27014,5,5
1450,0,4
24755,4,3
29351,5,2
1826,0,0
21225,4,0
2508,0,2
584,0,6
29174,5,5
2363,0,4
4453,0,3
14076,3,3
12452,3,3
29634,5,3
34220,6,3
11480,3,0
30202,6,3
3723,0,3
34452,6,2
20678,4,3
9555,2,3
33521,6,3
16371,3,3
19530,3,3
3162,0,0
29194,5,5
21198,4,4
14586,3,0
30614,6,3
6880,2,3
27190,5,5
9816,2,2
34091,6,3
8505,2,3
24954,4,5
35287,6,3
12718,3,3
10093,2,6
10089,2,2
35420,6,3
28259,5,5
3409,0,3
4824,0,0
5817,2,3
12532,3,0
6961,2,5
7853,2,6
15365,3,5
21160,4,3
1838,0,2
15453,3,3
8241,2,3
1485,0,3
34295,6,4
12383,3,0
31175,6,0
17225,3,3
12468,3,3
1489,0,2
12301,3,6
29673,5,3
1849,0,0
7380,2,5
15617,3,3
33542,6,2
32978,6,3
19864,4,6
1870,0,3
27100,5,3
35688,6,3
644,0,6
6118,2,2
2562,0,6
13375,3,3
29075,5,3
33753,6,6
16085,3,6
6400,2,6
218,0,3
12785,3,6
26225,5,6
26461,5,3
3271,0,3
29787,6,6
1694,0,3
4481,0,0
8251,2,2
32998,6,4
26454,5,5
28293,5,2
21350,4,6
13856,3,0
19598,3,6
9447,2,3
16853,3,5
19609,3,6
5453,1,3
10320,2,2
20066,4,0
20427,4,4
32412,6,3
29898,6,4
13772,3,6
14251,3,5
16919,3,6
15054,3,6
23849,4,3
34990,6,3
17730,3,3
6491,2,2
8707,2,6
32035,6,2
14200,3,3
4674,0,2
15604,3,5
32623,6,2
24483,4,2
9213,2,2
25929,5,5
28224,5,6
23803,4,4
23530,4,4
12303,3,4
7489,2,2
34236,6,4
4308,0,3
28394,5,6
8827,2,4
12716,3,6
24991,4,3
20531,4,3
14467,3,5
22685,4,3
8621,2,2
15885,3,3
34604,6,6
35157,6,0
5319,1,4
33816,6,3
30377,6,3
1081,0,5
32241,6,3
34384,6,6
14055,3,3
13594,3,3
15448,3,2
35118,6,6
22483,4,3
29313,5,2
22204,4,3
31667,6,0
25403,4,6
4511,0,5
2851,0,0
20217,4,4
9903,2,3
13288,3,3
4590,0,2
14182,3,6
14552,3,3
4219,0,3
29038,5,3
18197,3,0
9088,2,0
16587,3,3
26639,5,3
27019,5,5
11282,3,6
34168,6,5
5169,1,4
7332,2,6
20740,4,6
14887,3,3
21473,4,2
5240,1,1
3883,0,3
32183,6,2
17645,3,3
18168,3,5
26196,5,5
11908,3,3
1088,0,3
32895,6,6
4844,0,0
7455,2,3
29311,5,5
19698,4,2
9247,2,3
25442,4,0
35765,6,2
8589,2,3
25258,4,2
24018,4,3
3516,0,5
15533,3,4
14394,3,3
23317,4,6
5062,1,5
3398,0,5
30467,6,3
10766,3,3
34734,6,5
6814,2,3
20891,4,3
8043,2,0
9556,2,4
1022,0,0
1399,0,0
28628,5,2
20786,4,0
12311,3,6
16873,3,2
28656,5,2
3386,0,6
24042,4,3
9645,2,2
34455,6,4
34404,6,4
18510,3,3
26922,5,3
34346,6,0
25380,4,4
25118,4,2
18064,3,0
32336,6,3
23705,4,6
30074,6,6
5241,1,6
9026,2,5
29034,5,2
7942,2,4
28753,5,2
10932,3,2
35107,6,3
20549,4,4
20533,4,0
9764,2,2
25828,5,3
10264,2,3
13440,3,5
13425,3,4
5799,2,3
28534,5,0
17469,3,3
3510,0,3
19624,4,3
27494,5,3
17038,3,4
30644,6,6
8800,2,2
3028,0,2
6836,2,5
9236,2,3
14224,3,4
32013,6,3
9472,2,6
10619,2,3
25366,4,6
2679,0,6
13169,3,3
10263,2,5
35249,6,6
12587,3,3
24717,4,3
31612,6,5
1238,0,2
20872,4,4
21588,4,5
26309,5,3
3677,0,4
35509,6,6
24038,4,3
7713,2,2
7607,2,6
11568,3,5
15399,3,2
6479,2,6
8391,2,2
7868,2,5
5620,2,2
3633,0,0
34538,6,0
20994,4,4
33204,6,2
23675,4,3
11595,3,3
14146,3,3
8438,2,5
25577,4,6
2026,0,5
15094,3,3
10652,3,0
17950,3,3
8757,2,2
16263,3,5
10247,2,3
21067,4,3
28639,5,5
13920,3,3
27234,5,5
25347,4,3
1288,0,6
20471,4,4
31413,6,3
4147,0,3
22334,4,3
30948,6,2
22619,4,3
35191,6,3
8003,2,4
21259,4,3
14973,3,3
20139,4,3
12368,3,3
4408,0,0
25463,4,4
7617,2,3
9946,2,0
10335,2,5
19571,3,3
22851,4,3
21340,4,3
6781,2,2
15642,3,3
34576,6,4
33306,6,0
2032,0,6
938,0,0
34630,6,3
3749,0,3
32590,6,4
21202,4,4
14542,3,2
20188,4,6
6975,2,3
19690,4,0
26832,5,2
10630,3,6
8117,2,2
34900,6,3
9752,2,5
6619,2,3
19993,4,6
35432,6,2
2116,0,3
8861,2,5
3250,0,6
21440,4,3
962,0,3
19187,3,0
33682,6,3
10663,3,3
16429,3,3
27299,5,5
5142,1,3
8789,2,3
27973,5,5
28679,5,4
14043,3,0
17903,3,5
14508,3,5
28845,5,5
3377,0,3
24006,4,3
31542,6,3
26180,5,6
1567,0,6
26348,5,5
21870,4,5
7812,2,3
4452,0,0
33509,6,3
24911,4,2
9530,2,3
29460,5,6
18559,3,2
6809,2,4
1828,0,3
21432,4,3
30141,6,3
23061,4,4
34625,6,6
21762,4,4
2999,0,4
22378,4,0
11133,3,3
14796,3,6
24533,4,6
28461,5,5
34633,6,3
30993,6,4
20869,4,3
17671,3,3
16330,3,0
19552,3,6
14177,3,2
7560,2,5
35702,6,2
7797,2,0
33342,6,4
21426,4,3
8515,2,2
25967,5,3
23431,4,0
13152,3,3
18723,3,3
16025,3,2
27022,5,4
18349,3,3
22333,4,5
6156,2,6
28871,5,5
5118,1,5
1761,0,3
748,0,3
29289,5,5
27624,5,5
18424,3,6
15022,3,3
2951,0,6
23330,4,3
20542,4,3
13112,3,3
19660,4,4
30589,6,3
19736,4,2
24898,4,6
9491,2,3
23963,4,4
33393,6,0
31306,6,3
16688,3,3
7545,2,3
12431,3,0
248,0,0
26045,5,5
32829,6,3
35345,6,4
15173,3,6
3268,0,3
18102,3,3
15903,3,5
5899,2,5
22368,4,3
657,0,3
14403,3,6
17085,3,4
11444,3,3
814,0,0
35086,6,6
23709,4,4
26040,5,3
17256,3,3
27667,5,3
6528,2,2
26043,5,3
14514,3,3
24945,4,4
26610,5,0
30265,6,2
5343,1,6
17716,3,3
17221,3,2
14901,3,3
23974,4,6
17046,3,5
31376,6,6
2498,0,0
12348,3,6
11175,3,3
31793,6,5
18419,3,0
23282,4,4
24817,4,3
35585,6,3
15813,3,5
4775,0,3
16496,3,4
33212,6,6
21003,4,3
12833,3,6
24684,4,6
33475,6,4
9558,2,2
14568,3,2
16695,3,0
16667,3,3
8685,2,0
27945,5,3
20355,4,2
22898,4,4
25706,5,5
5812,2,4
6605,2,4
26878,5,5
14433,3,6
16710,3,2
31633,6,3
11960,3,6
27419,5,6
31153,6,3
12824,3,3
19935,4,6
11200,3,2
14284,3,3
6208,2,5
25538,4,3
11102,3,3
4627,0,2
9278,2,2
6653,2,3
31990,6,4
16730,3,3
375,0,0
5574,2,2
17060,3,0
3340,0,5
1510,0,2
33846,6,4
25329,4,5
13222,3,2
7358,2,4
4174,0,4
19814,4,3
21261,4,6
22015,4,3
24669,4,3
3542,0,0
3381,0,4
17070,3,2
26788,5,3
27236,5,0
21847,4,6
3822,0,0
17261,3,2
32666,6,6
13465,3,3
10144,2,3
23531,4,4
4686,0,4
17297,3,4
20334,4,4
19691,4,3
12362,3,5
11267,3,2
10578,2,2
31739,6,6
17087,3,3
5781,2,2
30105,6,0
9241,2,2
5132,1,2
27770,5,3
5357,1,5
15165,3,3
29021,5,5
14184,3,5
29474,5,4
4127,0,3
16342,3,2
16513,3,3
22929,4,4
28001,5,5
33944,6,6
26509,5,5
17247,3,2
13261,3,4
3038,0,6
19480,3,3
19766,4,3
34447,6,2
19873,4,3
15710,3,0
8499,2,3
24091,4,4
25851,5,3
20626,4,4
13966,3,6
4198,0,3
7748,2,3
1331,0,0
11416,3,6
278,0,0
21742,4,6
5967,2,0
12121,3,6
33149,6,6
31949,6,6
3931,0,2
18007,3,6
29878,6,4
7225,2,4
30277,6,0
20552,4,4
18292,3,4
34827,6,0
8740,2,3
19422,3,6
18400,3,6
12188,3,3
30960,6,3
6331,2,6
20086,4,3
27853,5,5
18826,3,3
7475,2,0
35479,6,3
30504,6,0
6854,2,2
15215,3,2
7970,2,4
27430,5,5
5753,2,2
11697,3,2
10952,3,3
8812,2,0
16908,3,4
10995,3,3
16980,3,3
24351,4,6
10143,2,6
22782,4,4
16554,3,2
30164,6,4
26964,5,3
32162,6,6
23542,4,3
20923,4,3
21026,4,4
24185,4,3
10732,3,3
2621,0,5
32089,6,5
25412,4,4
16186,3,5
10102,2,0
10209,2,0
32968,6,4
21501,4,4
17266,3,3
9012,2,4
16047,3,3
5099,1,0
11330,3,4
31565,6,6
13513,3,3
17100,3,4
14413,3,4
32428,6,3
10674,3,4
10677,3,3
24963,4,3
312,0,2
29476,5,5
35593,6,3
15411,3,3
18583,3,3
8381,2,3
6418,2,3
2798,0,2
1741,0,0
14602,3,3
21439,4,6
5502,2,3
20633,4,4
34986,6,6
23392,4,5
16577,3,0
20367,4,4
25835,5,3
33724,6,3
27129,5,5
1755,0,0
16192,3,6
5986,2,5
32619,6,3
31182,6,6
34177,6,3
19235,3,5
15237,3,3
15607,3,4
30965,6,6
24542,4,3
14213,3,6
27972,5,5
1268,0,3
3419,0,5
5674,2,3
17216,3,2
27641,5,5
15373,3,3
21802,4,4
33924,6,3
24965,4,6
21140,4,4
14570,3,3
14189,3,3
18835,3,5
2185,0,3
25660,4,3
2571,0,2
31534,6,6
21898,4,0
19913,4,2
32735,6,3
1318,0,3
35659,6,3
6383,2,6
30765,6,0
17578,3,6
33218,6,2
18141,3,6
9368,2,2
30662,6,3
20811,4,4
3501,0,5
10866,3,2
27371,5,5
7695,2,2
9613,2,6
8620,2,3
21108,4,6
32345,6,3
3903,0,6
8090,2,2
22627,4,4
20004,4,3
11641,3,3
31385,6,4
25015,4,4
9054,2,6
17271,3,6
3693,0,3
27144,5,2
9329,2,4
11664,3,3
8668,2,4
13043,3,4
5700,2,3
31131,6,3
10993,3,3
2617,0,3
7201,2,3
31724,6,6
27842,5,3
29314,5,0
15335,3,4
20101,4,4
17954,3,4
15431,3,6
2076,0,3
17545,3,3
33715,6,4
32858,6,5
34089,6,6
19604,3,3
18513,3,4
15078,3,2
23041,4,0
28469,5,6
9866,2,2
5882,2,5
6997,2,3
29523,5,5
27720,5,5
26933,5,4
13621,3,3
12101,3,5
28026,5,5
29698,6,0
1676,0,0
15449,3,3
16900,3,3
23337,4,4
31948,6,3
26790,5,6
12076,3,3
14706,3,6
6179,2,5
30848,6,3
2827,0,4
12198,3,6
6527,2,3
15632,3,3
22135,4,3
22895,4,3
25399,4,4
8714,2,4
1321,0,2
23157,4,3
11805,3,3
2892,0,6
18691,3,6
5255,1,2
14369,3,3
28714,5,5
19726,4,0
19723,4,3
30434,6,3
6947,2,4
35810,6,3
17897,3,2
11984,3,3
8362,2,2
11855,3,3
19972,4,5
30412,6,3
34406,6,3
32282,6,2
17244,3,3
9721,2,3
9826,2,5
21297,4,0
26068,5,5
24852,4,2
7627,2,6
23423,4,0
8673,2,0
22722,4,4
5144,1,3
3943,0,3
9693,2,6
35543,6,6
33240,6,6
30493,6,3
12453,3,3
12400,3,3
16265,3,4
31488,6,6
27617,5,3
24177,4,3
6643,2,4
17186,3,3
19146,3,2
30753,6,4
34354,6,6
3725,0,4
15622,3,0
15437,3,6
24171,4,6
26142,5,5
17487,3,3
15489,3,6
34024,6,6
22038,4,0
24211,4,3
31363,6,3
16646,3,4
35708,6,4
23127,4,6
34830,6,3
3708,0,2
14719,3,3
8305,2,2
10454,2,5
25526,4,0
25269,4,3
11268,3,2
20634,4,6
12763,3,3
8537,2,4
1263,0,2
19095,3,3
15155,3,6
30598,6,3
1505,0,3
11035,3,0
4805,0,6
29946,6,6
31885,6,0
10718,3,3
31304,6,3
19027,3,5
30795,6,3
5149,1,1
4328,0,6
10762,3,5
24550,4,2
2768,0,4
34605,6,3
20364,4,6
10355,2,4
10193,2,4
29708,6,3
24637,4,3
9823,2,2
24665,4,3
226,0,3
25150,4,4
14006,3,3
8281,2,3
19577,3,3
27910,5,6
697,0,3
26910,5,3
23277,4,0
30015,6,6
24454,4,3
20592,4,4
13410,3,5
10447,2,5
102,0,0
10156,2,6
20618,4,3
3354,0,5
30570,6,6
29842,6,4
18623,3,3
1369,0,5
17725,3,1
20209,4,3
34557,6,3
15574,3,6
6999,2,2
3800,0,4
20744,4,3
17175,3,3
23611,4,3
14183,3,3
15521,3,6
27087,5,3
24291,4,2
32415,6,5
7241,2,3
30900,6,3
4325,0,4
30781,6,6
1376,0,0
1456,0,5
25205,4,6
19514,3,3
34678,6,3
5510,2,3
8353,2,0
7764,2,2
31698,6,2
29834,6,4
23496,4,6
14383,3,4
30065,6,0
26226,5,6
28912,5,2
27438,5,5
24779,4,6
4698,0,0
11994,3,3
10622,3,3
14136,3,2
12663,3,3
10626,3,3
3288,0,3
9269,2,3
15881,3,6
19071,3,5
10038,2,2
34888,6,6
9150,2,4
416,0,3
1276,0,5
14726,3,0
33705,6,3
12704,3,2
30811,6,0
12168,3,0
16226,3,6
21161,4,3
4096,0,6
9421,2,3
15443,3,3
841,0,6
14176,3,3
33758,6,0
3922,0,3
13493,3,4
33296,6,3
27587,5,4
1691,0,0
20190,4,3
13370,3,4
18338,3,4
23219,4,3
322,0,6
14731,3,4
25208,4,3
11723,3,3
23000,4,2
11,0,6
33095,6,6
2637,0,0
25658,4,4
29274,5,3
1062,0,6
9293,2,6
9275,2,6
28201,5,6
11244,3,4
11438,3,2
17765,3,3
19486,3,6
1738,0,2
21997,4,3
1707,0,3
28057,5,6
6276,2,4
27379,5,3
25805,5,3
166,0,6
877,0,0
3938,0,3
32293,6,3
24238,4,3
31817,6,6
6723,2,3
4002,0,4
34147,6,3
17006,3,0
17921,3,6
10792,3,0
15338,3,6
34006,6,6
23160,4,4
27535,5,3
19473,3,6
3037,0,6
8177,2,3
10073,2,6
7648,2,4
8764,2,3
10774,3,2
30990,6,2
6402,2,3
4306,0,0
15311,3,4
16772,3,3
8115,2,2
33440,6,3
2750,0,4
18118,3,3
33965,6,2
32699,6,6
7929,2,3
9410,2,2
9267,2,2
23727,4,3
9578,2,2
2069,0,5
23668,4,4
22986,4,2
25409,4,3
18797,3,6
7095,2,3
21614,4,3
35414,6,3
10177,2,0
4802,0,0
35469,6,6
27927,5,2
13368,3,2
11220,3,4
15347,3,3
33788,6,6
18417,3,3
21830,4,4
6297,2,2
21813,4,3
9328,2,4
16395,3,3
32429,6,0
24329,4,3
32391,6,4
25605,4,6
11402,3,3
6292,2,2
19155,3,3
12220,3,0
5759,2,6
2968,0,5
33416,6,6
25502,4,4
17454,3,5
13663,3,3
32389,6,5
26471,5,5
22557,4,4
13669,3,3
534,0,3
17846,3,2
35227,6,3
9165,2,0
28657,5,5
15914,3,3
14820,3,3
23934,4,3
29571,5,6
19995,4,4
28953,5,0
30624,6,6
4939,0,3
2580,0,3
13450,3,3
24995,4,4
703,0,3
32339,6,6
35464,6,2
19922,4,3
29826,6,4
9509,2,3
34060,6,4
27027,5,3
7485,2,3
5368,1,4
15097,3,6
31849,6,3
33169,6,3
24475,4,6
12645,3,3
4544,0,3
8112,2,6
3689,0,4
6170,2,5
22337,4,3
1598,0,0
17288,3,0
2200,0,0
35551,6,6
24549,4,1
19807,4,3
28724,5,5
25100,4,3
21731,4,2
30216,6,6
1014,0,3
2579,0,4
16167,3,6
30352,6,6
16567,3,6
11556,3,3
27412,5,6
17052,3,6
11914,3,5
10905,3,3
6807,2,3
14704,3,3
22634,4,6
10975,3,4
11261,3,0
3742,0,6
33458,6,0
31196,6,3
4955,1,0
6503,2,2
4225,0,3
26039,5,3
29976,6,4
23552,4,6
31473,6,4
32839,6,0
6462,2,3
35223,6,2
31922,6,4
12969,3,3
9617,2,4
34600,6,6
11437,3,4
16936,3,3
18092,3,6
28857,5,5
15877,3,5
1002,0,4
14529,3,3
5388,1,1
25130,4,3
4097,0,4
23681,4,5
32603,6,6
2383,0,3
4643,0,6
31548,6,4
31689,6,3
7902,2,2
4809,0,4
4522,0,5
16034,3,0
28036,5,5
6693,2,2
431,0,3
28141,5,5
33183,6,4
29832,6,3
28436,5,2
12345,3,4
2061,0,0
27742,5,5
331,0,2
6316,2,2
25245,4,3
23773,4,3
30739,6,6
10439,2,4
4642,0,0
17401,3,5
21552,4,4
21442,4,3
32917,6,0
2531,0,3
12411,3,5
2665,0,6
33622,6,3
24274,4,3
14815,3,3
25758,5,5
920,0,3
21077,4,3
1257,0,3
12480,3,6
33631,6,3
23965,4,3
14092,3,4
6132,2,3
14126,3,3
11750,3,6
26382,5,0
3603,0,3
16774,3,2
23740,4,2
9433,2,4
7376,2,3
12403,3,3
18089,3,3
11210,3,5
22471,4,3
4537,0,3
32706,6,2
27943,5,5
21107,4,2
28804,5,3
1261,0,6
5022,1,3
3879,0,2
32026,6,4
30674,6,6
34368,6,6
34909,6,5
10636,3,3
34690,6,4
8608,2,2
29270,5,5
7609,2,5
28100,5,0
21450,4,3
14253,3,5
25738,5,5
6135,2,0
27806,5,5
33825,6,3
16086,3,4
21973,4,3
23278,4,2
33381,6,3
15438,3,2
27394,5,5
26195,5,6
26714,5,5
29049,5,5
34936,6,0
22994,4,3
13969,3,3
6530,2,3
19637,4,6
24800,4,4
9089,2,5
22732,4,4
17088,3,4
28371,5,3
10423,2,0
28081,5,3
6327,2,2
20646,4,3
33384,6,3
6830,2,3
29280,5,5
1372,0,2
3281,0,3
31471,6,5
19057,3,3
34492,6,6
14880,3,6
15691,3,3
872,0,3
20962,4,3
35763,6,6
3686,0,6
26387,5,3
8753,2,3
15586,3,6
31016,6,2
4121,0,4
23222,4,6
26256,5,5
16283,3,3
16697,3,6
409,0,0
16338,3,5
23671,4,2
31683,6,2
8005,2,6
15554,3,3
22272,4,3
18684,3,3
18877,3,4
13845,3,3
32929,6,3
12306,3,3
1793,0,3
6677,2,0
35812,6,6
20264,4,6
35325,6,3
29255,5,5
16472,3,3
5232,1,1
15299,3,3
5090,1,1
30040,6,3
23372,4,0
26752,5,3
19808,4,3
11125,3,3
35402,6,4
5888,2,6
17740,3,0
26021,5,5
9863,2,5
29104,5,3
31339,6,6
11820,3,6
13286,3,6
3711,0,6
468,0,3
4282,0,2
29780,6,3
26069,5,0
25935,5,4
9894,2,6
35672,6,3
32218,6,3
23892,4,0
10849,3,3
19161,3,2
1348,0,2
467,0,3
35397,6,3
27840,5,5
8866,2,2
11770,3,5
14735,3,3
3602,0,2
9982,2,2
10164,2,2
13925,3,5
15156,3,5
34789,6,6
21734,4,3
22657,4,0
18402,3,6
15590,3,6
10764,3,3
32958,6,6
9871,2,4
31012,6,3
3559,0,3
15904,3,4
33617,6,3
15800,3,2
2973,0,0
29977,6,0
4773,0,3
23442,4,4
12985,3,4
22820,4,3
33310,6,3
23162,4,3
14475,3,2
9465,2,2
9350,2,3
35780,6,3
25721,5,5
29428,5,5
29033,5,3
8296,2,3
18330,3,3
34265,6,6
10618,2,2
26041,5,5
14628,3,6
32185,6,0
15756,3,4
33101,6,3
23405,4,3
32515,6,3
25756,5,0
12307,3,3
23592,4,3
18048,3,2
899,0,2
17008,3,6
16628,3,3
16808,3,6
34657,6,4
25799,5,5
290,0,0
6796,2,3
9076,2,3
2011,0,0
2424,0,3
34860,6,3
28888,5,5
9403,2,3
34922,6,5
394,0,1
30853,6,6
23328,4,5
9212,2,2
22046,4,5
11108,3,6
31033,6,4
24389,4,2
8083,2,4
30300,6,2
11704,3,2
35428,6,3
503,0,0
23704,4,2
25938,5,5
14048,3,0
24964,4,6
33969,6,3
34031,6,6
3792,0,3
1034,0,3
19345,3,3
16197,3,3
25596,4,4
31939,6,6
17107,3,5
30177,6,4
11171,3,3
20845,4,6
406,0,3
9730,2,3
27728,5,2
9728,2,2
31204,6,6
26566,5,5
15030,3,4
4416,0,6
17194,3,2
22760,4,3
522,0,3
23764,4,3
335,0,0
25420,4,6
25104,4,3
35564,6,3
34979,6,2
31401,6,0
5033,1,1
19796,4,2
26889,5,3
200,0,0
22815,4,4
25083,4,3
12155,3,0
9763,2,2
11032,3,3
27107,5,3
26307,5,3
32478,6,3
6882,2,3
18182,3,0
8337,2,3
33735,6,3
9519,2,4
29822,6,3
30371,6,3
27634,5,3
490,0,6
7091,2,2
9294,2,0
16870,3,4
21650,4,5
25390,4,3
35212,6,5
16623,3,0
13490,3,5
15637,3,3
13659,3,3
6241,2,5
24536,4,0
21636,4,4
23998,4,2
25585,4,0
21164,4,4
4944,0,6
10880,3,3
34581,6,2
17376,3,6
2173,0,4
26754,5,3
22930,4,6
13646,3,5
876,0,3
12292,3,3
32186,6,4
1841,0,3
35235,6,6
17867,3,3
30829,6,3
27639,5,3
4316,0,3
12041,3,3
35588,6,6
24620,4,3
4352,0,4
18946,3,3
30403,6,3
2887,0,5
26227,5,3
11506,3,3
4303,0,4
28263,5,2
6617,2,0
24867,4,5
13829,3,2
7852,2,6
24032,4,4
25546,4,6
24318,4,6
27251,5,0
23956,4,3
17585,3,0
23771,4,3
9440,2,6
11513,3,4
30099,6,4
31570,6,2
12697,3,3
22009,4,3
29512,5,6
23020,4,3
28768,5,5
6856,2,2
15969,3,3
24802,4,6
23968,4,3
3586,0,3
34188,6,6
28581,5,5
16311,3,6
11772,3,6
22128,4,4
13783,3,4
26023,5,5
8101,2,2
14292,3,3
34931,6,6
14873,3,3
19134,3,3
2919,0,0
28988,5,4
31451,6,3
4543,0,3
4581,0,4
15419,3,4
9661,2,3
14071,3,3
26299,5,0
14294,3,0
35858,6,3
24368,4,4
1778,0,5
15194,3,0
19666,4,3
29820,6,3
7964,2,5
21390,4,6
24243,4,6
6627,2,2
27549,5,5
6748,2,3
362,0,6
25132,4,3
35409,6,6
23128,4,4
20777,4,3
27847,5,4
17739,3,3
11756,3,2
388,0,0
33746,6,4
24191,4,4
15778,3,3
26590,5,0
19511,3,3
27670,5,0
32380,6,3
17649,3,2
5854,2,3
16902,3,3
1724,0,3
19859,4,3
12130,3,3
31950,6,6
2859,0,3
33486,6,5
4765,0,4
33170,6,6
3627,0,2
14712,3,3
34045,6,2
18708,3,6
1621,0,0
29292,5,3
5355,1,4
33394,6,5
17797,3,3
16930,3,2
15950,3,3
5555,2,2
11643,3,3
30068,6,4
33152,6,4
6572,2,3
31429,6,6
12135,3,5
31185,6,3
6348,2,2
11824,3,4
16079,3,3
33909,6,4
35293,6,4
5266,1,4
25717,5,3
19600,3,3
18416,3,2
17196,3,3
1611,0,6
14512,3,4
79,0,4
11659,3,2
29952,6,6
13840,3,3
32914,6,3
8365,2,6
15129,3,3
33522,6,3
33325,6,4
22988,4,6
35095,6,3
5933,2,3
4729,0,3
24057,4,3
14454,3,3
7668,2,2
16786,3,0
18147,3,4
30713,6,0
15480,3,6
1590,0,0
33845,6,3
1541,0,3
20835,4,4
23005,4,4
34915,6,6
30826,6,6
35394,6,3
29108,5,5
23391,4,3
17126,3,3
20878,4,3
9508,2,2
2438,0,2
14236,3,6
24437,4,0
10039,2,5
31840,6,3
15901,3,4
6633,2,2
23950,4,4
25614,4,3
27181,5,2
14506,3,5
34491,6,3
4040,0,3
30350,6,3
35372,6,2
19491,3,2
7513,2,3
18864,3,3
16661,3,5
16884,3,6
21784,4,3
31082,6,6
978,0,0
31039,6,0
21631,4,3
13063,3,3
17795,3,3
21850,4,2
9495,2,6
10911,3,3
13730,3,3
16443,3,3
11409,3,3
12608,3,3
11530,3,4
18251,3,3
21358,4,2
27161,5,3
11241,3,3
7234,2,3
29593,5,5
19675,4,3
21932,4,4
33189,6,0
8309,2,2
18781,3,3
35188,6,0
35156,6,6
1035,0,4
11160,3,3
20035,4,3
8342,2,2
22232,4,6
35478,6,5
21532,4,3
1795,0,4
7451,2,3
18671,3,6
2332,0,3
1209,0,3
6435,2,6
33231,6,0
20816,4,3
17316,3,3
6860,2,6
7351,2,2
18283,3,6
23610,4,4
2695,0,3
11066,3,3
15704,3,5
10981,3,6
7339,2,4
16895,3,6
27987,5,5
10541,2,3
24747,4,3
29554,5,6
14259,3,3
7331,2,6
30564,6,3
21484,4,6
12137,3,4
651,0,4
14532,3,3
9642,2,6
20,0,6
22734,4,2
16452,3,3
12533,3,3
5001,1,4
27640,5,5
9021,2,6
6125,2,2
16562,3,3
16555,3,0
17320,3,6
29873,6,0
13233,3,4
9059,2,2
18070,3,5
15064,3,3
8877,2,3
19073,3,4
2536,0,5
3189,0,3
21480,4,3
3612,0,6
13259,3,2
34291,6,3
22181,4,4
14691,3,6
13668,3,3
2429,0,5
21045,4,5
17789,3,3
15848,3,6
7810,2,0
29926,6,6
35622,6,3
6959,2,2
4724,0,0
23057,4,4
28011,5,3
31443,6,0
7276,2,6
5829,2,2
21809,4,3
10818,3,4
31763,6,3
7582,2,3
4951,0,4
9975,2,3
18010,3,3
15221,3,3
29491,5,3
445,0,6
1142,0,4
32211,6,6
8040,2,3
13860,3,3
20595,4,3
24167,4,3
19083,3,2
14094,3,6
11888,3,6
7945,2,2
35228,6,3
33480,6,4
8431,2,6
7614,2,2
9930,2,5
15874,3,0
13534,3,2
5801,2,2
16387,3,3
17617,3,4
6977,2,4
23458,4,3
9109,2,2
35021,6,3
34160,6,5
11520,3,3
29438,5,5
5839,2,0
10488,2,2
12576,3,3
2265,0,0
33534,6,3
22303,4,4
25961,5,3
3957,0,3
31164,6,6
4010,0,2
33390,6,4
25933,5,3
14315,3,3
23674,4,2
3309,0,6
26097,5,3
8862,2,0
28037,5,5
20485,4,6
19663,4,5
34458,6,6
2918,0,4
28684,5,3
25783,5,5
31112,6,5
4378,0,5
28204,5,3
10476,2,5
24116,4,0
13956,3,0
4769,0,3
4914,0,3
11793,3,3
17240,3,3
19712,4,2
24534,4,4
31858,6,3
20844,4,3
7706,2,6
33836,6,3
9872,2,0
15440,3,5
34054,6,3
25977,5,3
15503,3,3
33580,6,4
26587,5,5
15395,3,0
20661,4,3
14081,3,3
10018,2,3
5143,1,3
23259,4,3
16470,3,2
8737,2,6
23347,4,0
9363,2,6
19977,4,4
22395,4,6
24481,4,4
3245,0,0
10322,2,2
20251,4,2
20719,4,2
3663,0,5
32805,6,4
32707,6,6
944,0,2
6220,2,5
30135,6,6
12765,3,3
35675,6,4
31257,6,0
32542,6,5
35838,6,3
12658,3,3
13992,3,4
4285,0,3
14870,3,3
32681,6,6
18463,3,3
1274,0,3
33561,6,0
7235,2,4
32601,6,3
10854,3,3
29545,5,3
24309,4,3
26612,5,3
17744,3,6
29115,5,2
9754,2,3
26833,5,5
22778,4,6
21483,4,3
21304,4,5
22728,4,6
21654,4,3
26446,5,3
10599,2,2
32638,6,0
19264,3,3
15455,3,6
14138,3,3
29941,6,3
6949,2,3
5237,1,3
6497,2,3
18556,3,6
6494,2,2
5386,1,2
35815,6,3
34578,6,3
9935,2,3
12742,3,3
5765,2,6
32747,6,3
12247,3,4
18072,3,3
23465,4,0
21561,4,3
21642,4,4
24643,4,3
17636,3,3
33811,6,2
29446,5,5
14026,3,5
29492,5,5
18460,3,6
622,0,4
31962,6,3
17034,3,6
22718,4,3
30376,6,2
1533,0,6
27956,5,3
29315,5,5
23234,4,5
8489,2,4
951,0,0
3019,0,0
29259,5,3
11276,3,2
25676,4,3
23909,4,3
3636,0,6
19822,4,3
23536,4,6
23755,4,3
8917,2,5
769,0,0
34097,6,6
15985,3,3
18112,3,6
1429,0,3
75,0,3
24976,4,4
21178,4,3
14209,3,0
32803,6,4
23167,4,4
33411,6,4
16271,3,4
5083,1,1
19254,3,4
3845,0,3
14737,3,2
11523,3,3
6520,2,3
20143,4,4
24573,4,4
4526,0,3
1403,0,0
10775,3,3
4201,0,6
33678,6,4
30967,6,0
16950,3,3
33948,6,5
35139,6,6
32887,6,3
7811,2,0
30085,6,3
16725,3,0
18897,3,3
26016,5,3
24994,4,3
32135,6,2
21055,4,0
30877,6,6
204,0,5
19301,3,4
10111,2,2
33955,6,4
31792,6,6
6797,2,2
29691,6,0
22989,4,3
35540,6,3
24864,4,2
9608,2,3
35284,6,3
19489,3,3
12063,3,2
30909,6,2
25950,5,3
26634,5,5
16116,3,3
2512,0,0
22377,4,6
33600,6,3
16888,3,5
12680,3,4
25195,4,4
21443,4,4
30151,6,4
6774,2,6
30628,6,4
858,0,6
13986,3,2
25769,5,5
22354,4,3
3364,0,4
1873,0,5
618,0,4
21123,4,0
29166,5,3
11424,3,6
18262,3,3
24905,4,3
31972,6,3
22119,4,2
10725,3,3
26667,5,6
22827,4,5
20608,4,4
21328,4,3
14590,3,2
33468,6,2
8623,2,0
2495,0,0
7065,2,2
9031,2,5
23664,4,3
27332,5,5
31926,6,0
19978,4,4
34486,6,6
33091,6,3
28206,5,5
2758,0,6
1347,0,4
3990,0,0
7430,2,5
14045,3,3
19129,3,3
32447,6,2
22793,4,2
20215,4,3
1401,0,3
20301,4,3
11304,3,3
4323,0,3
35353,6,3
26240,5,5
3370,0,0
806,0,0
5898,2,2
16114,3,0
29093,5,6
24338,4,3
18224,3,3
20029,4,2
28710,5,5
11370,3,6
30036,6,3
14739,3,0
14267,3,3
34708,6,3
24837,4,4
31053,6,4
28926,5,5
16977,3,3
32668,6,6
15093,3,2
17032,3,3
23931,4,6
6640,2,0
10811,3,3
2123,0,3
33013,6,6
23038,4,3
30551,6,3
12702,3,3
11562,3,3
29473,5,5
28730,5,3
7072,2,3
15061,3,6
13946,3,3
22022,4,4
28422,5,6
21068,4,2
30212,6,3
21296,4,4
15344,3,0
34332,6,3
12875,3,3
29414,5,5
26982,5,3
9595,2,5
19215,3,3
10523,2,3
8858,2,2
17482,3,6
3782,0,0
12051,3,5
21136,4,5
9736,2,2
16766,3,0
15496,3,3
1030,0,2
2423,0,3
8512,2,2
17155,3,5
14750,3,4
26325,5,3
12184,3,3
30168,6,3
6015,2,4
36,0,0
16357,3,3
4456,0,3
8469,2,3
24832,4,3
30593,6,2
16708,3,3
35784,6,4
35384,6,2
20376,4,6
33743,6,3
10770,3,2
29003,5,0
9139,2,2
10228,2,4
32720,6,6
16435,3,2
3864,0,5
23916,4,6
18871,3,0
32179,6,6
18520,3,4
12375,3,4
19279,3,3
25486,4,6
33097,6,5
14944,3,6
2189,0,6
22541,4,3
25708,5,4
17541,3,3
35367,6,4
22711,4,4
18660,3,3
10250,2,2
10077,2,3
28597,5,3
30176,6,3
7035,2,6
19488,3,2
66,0,4
7353,2,2
6710,2,4
5922,2,2
35565,6,6
23138,4,4
18563,3,2
1877,0,3
6742,2,2
32085,6,3
15096,3,4
9047,2,2
18245,3,3
27065,5,3
3988,0,4
26893,5,2
15808,3,3
4001,0,3
12310,3,3
28480,5,3
27673,5,3
35856,6,4
15909,3,6
3163,0,0
7961,2,5
31346,6,6
3358,0,5
23434,4,2
18633,3,2
16022,3,6
22045,4,2
26047,5,5
4022,0,4
16242,3,3
32466,6,4
17938,3,2
502,0,0
27395,5,3
8028,2,2
16396,3,3
19797,4,6
15589,3,2
13993,3,4
19036,3,3
25397,4,0
26216,5,5
19906,4,3
30633,6,0
16051,3,5
2802,0,3
29335,5,5
12296,3,3
32903,6,5
31280,6,2
13754,3,3
8289,2,3
28678,5,2
15811,3,3
11496,3,5
3772,0,2
7885,2,3
24632,4,6
35411,6,0
13482,3,6
31450,6,5
8133,2,5
30955,6,2
18076,3,3
32240,6,0
15823,3,3
115,0,3
10348,2,6
1059,0,3
24826,4,3
32011,6,6
6841,2,5
21639,4,0
21310,4,3
35370,6,3
34116,6,3
8844,2,2
2292,0,3
20507,4,3
13890,3,6
3949,0,6
4152,0,0
113,0,3
13083,3,3
33301,6,2
34729,6,4
1202,0,3
9353,2,3
14351,3,4
6107,2,6
1339,0,3
21232,4,4
774,0,0
16230,3,3
26234,5,2
5301,1,6
17409,3,4
16843,3,3
1718,0,0
31519,6,3
21374,4,4
9957,2,5
5802,2,3
16497,3,0
21050,4,5
17641,3,3
25728,5,5
19543,3,3
7848,2,3
4682,0,3
32029,6,3
35352,6,3
29396,5,0
25776,5,3
14597,3,3
10985,3,6
31107,6,0
28997,5,4
7048,2,3
8847,2,2
19246,3,3
5800,2,3
25272,4,3
20321,4,3
5398,1,6
14857,3,4
34314,6,3
12618,3,5
8806,2,4
32246,6,3
12597,3,5
7663,2,5
25261,4,4
13899,3,3
8618,2,2
18374,3,6
13480,3,6
12415,3,4
17571,3,3
785,0,3
6440,2,2
29378,5,3
32000,6,0
954,0,0
20898,4,3
32407,6,6
25604,4,4
1863,0,4
34387,6,4
6433,2,3
1046,0,3
30139,6,5
23911,4,3
12448,3,0
15806,3,0
11368,3,4
3985,0,5
11449,3,4
27871,5,5
7538,2,2
2901,0,4
12034,3,4
14722,3,3
11689,3,3
9791,2,6
9624,2,5
8341,2,5
16521,3,3
3329,0,3
21906,4,4
29089,5,5
29395,5,3
1958,0,6
16076,3,4
30751,6,0
33905,6,3
11581,3,4
20431,4,6
30678,6,3
5643,2,4
1623,0,3
8159,2,2
16364,3,3
15020,3,2
30309,6,3
30154,6,2
1221,0,3
13229,3,5
14995,3,4
12782,3,3
13303,3,3
8191,2,3
2245,0,3
18024,3,3
33736,6,3
22115,4,3
13664,3,6
7955,2,4
18744,3,3
6547,2,3
8922,2,2
22174,4,3
16110,3,6
33800,6,5
9425,2,4
27796,5,6
24651,4,2
5523,2,6
5787,2,2
24596,4,6
29536,5,5
30217,6,4
5878,2,2
7925,2,3
19704,4,3
23387,4,6
17607,3,6
20462,4,4
4050,0,3
15339,3,0
8147,2,3
33,0,6
5755,2,3
22062,4,3
28059,5,0
30641,6,6
25642,4,6
17667,3,3
21174,4,3
8635,2,5
23562,4,4
23822,4,6
16028,3,3
14316,3,5
34859,6,2
31598,6,4
30152,6,3
23952,4,4
2944,0,0
27072,5,5
31025,6,6
10109,2,3
22874,4,3
6108,2,5
5262,1,0
21094,4,6
7096,2,4
7337,2,5
24422,4,3
15788,3,0
6799,2,0
27488,5,6
6536,2,6
5323,1,4
2343,0,3
14985,3,4
8536,2,2
9069,2,2
13509,3,4
10461,2,3
23135,4,0
20254,4,2
14768,3,6
12737,3,3
3230,0,0
20910,4,3
15004,3,3
18733,3,3
33409,6,2
29156,5,0
25850,5,3
32410,6,3
9522,2,5
4216,0,0
14558,3,5
17574,3,4
8104,2,6
16556,3,3
34756,6,0
19947,4,3
5622,2,2
35206,6,4
28265,5,5
10741,3,4
15494,3,6
5973,2,0
30762,6,6
1655,0,3
35837,6,0
20455,4,3
6750,2,2
2537,0,3
35781,6,3
21691,4,5
23831,4,4
8562,2,2
34310,6,4
17635,3,0
35176,6,3
606,0,3
7186,2,5
28787,5,5
9986,2,3
21960,4,4
4877,0,3
35255,6,6
27544,5,5
18017,3,3
34501,6,6
6370,2,3
35849,6,5
14565,3,4
10237,2,3
8187,2,3
7957,2,6
19084,3,6
15594,3,6
17000,3,0
9430,2,3
2273,0,3
12426,3,3
7967,2,0
15541,3,3
11714,3,3
2729,0,6
5326,1,6
29682,5,3
10760,3,3
25485,4,3
14813,3,0
34862,6,3
2417,0,3
8803,2,2
30573,6,3
33737,6,2
21373,4,0
13041,3,4
24394,4,3
9358,2,5
9567,2,2
10787,3,4
24663,4,4
18154,3,4
23585,4,4
32846,6,3
15792,3,0
6584,2,6
18137,3,5
8109,2,3
35389,6,3
28256,5,6
2947,0,6
12058,3,3
18450,3,4
27311,5,4
23296,4,6
25861,5,5
9498,2,2
29467,5,5
11591,3,4
27263,5,5
2143,0,2
2502,0,3
8476,2,0
20671,4,3
28449,5,3
21444,4,3
34319,6,3
17509,3,2
4615,0,4
30670,6,3
17528,3,6
35631,6,2
1054,0,4
17844,3,3
4533,0,6
24464,4,6
34008,6,3
17215,3,3
16652,3,3
16941,3,5
28450,5,5
26051,5,5
35880,6,4
17279,3,6
20778,4,4
34214,6,3
16546,3,3
14495,3,6
12945,3,0
1913,0,4
35638,6,6
5543,2,3
9506,2,3
13522,3,3
13611,3,6
33599,6,0
16759,3,3
17248,3,6
10062,2,6
25,0,0
8903,2,3
12804,3,4
26066,5,3
14130,3,3
18412,3,4
16302,3,4
29366,5,3
12798,3,3
29548,5,3
33397,6,0
16536,3,4
24277,4,6
31286,6,5
1581,0,3
19310,3,4
21751,4,3
7524,2,3
7384,2,2
30831,6,3
31730,6,3
5697,2,3
19078,3,4
2107,0,0
10057,2,3
24719,4,6
5111,1,0
16776,3,6
32328,6,6
27026,5,4
27417,5,5
12332,3,5
18855,3,6
30045,6,6
22515,4,2
19333,3,3
35340,6,6
16391,3,4
7628,2,2
20624,4,3
10714,3,3
1803,0,3
14427,3,5
32296,6,0
34293,6,4
34873,6,0
27979,5,4
32394,6,3
7547,2,3
1504,0,3
17494,3,3
21073,4,4
33884,6,3
23171,4,4
34692,6,6
20882,4,0
21720,4,3
27696,5,5
601,0,5
17349,3,3
9141,2,3
11725,3,0
31294,6,6
34821,6,4
9137,2,4
14865,3,4
16683,3,3
6149,2,0
20023,4,3
16800,3,3
18761,3,3
19789,4,3
11864,3,6
32869,6,2
21990,4,3
12124,3,3
1998,0,0
5182,1,1
16690,3,3
10966,3,6
16061,3,4
12504,3,3
10807,3,6
11673,3,4
11198,3,3
3546,0,0
21941,4,3
3488,0,0
5563,2,3
2855,0,6
27071,5,0
18915,3,3
14147,3,3
15570,3,6
17025,3,3
7394,2,3
31610,6,3
32482,6,3
18406,3,3
13529,3,3
18568,3,3
16551,3,2
8575,2,5
7644,2,3
26857,5,0
28007,5,3
30734,6,0
8176,2,0
9070,2,4
16400,3,2
12449,3,6
20183,4,6
11607,3,3
21984,4,4
3933,0,3
428,0,5
25635,4,6
15772,3,2
35662,6,0
5852,2,3
11477,3,4
17412,3,3
20853,4,5
1805,0,3
29542,5,5
18109,3,6
26884,5,5
29604,5,5
2372,0,3
5472,1,3
4870,0,3
25534,4,3
9636,2,3
18728,3,3
440,0,5
19365,3,3
13507,3,3
26326,5,5
31978,6,6
3978,0,5
29533,5,3
20605,4,6
1525,0,4
243,0,3
8395,2,3
27471,5,3
23581,4,6
29622,5,5
17391,3,3
30339,6,6
15147,3,2
13723,3,0
2880,0,4
7111,2,2
3804,0,3
3815,0,6
27658,5,4
26327,5,3
35758,6,3
20117,4,3
31189,6,3
11115,3,6
189,0,6
6194,2,3
996,0,0
30947,6,3
913,0,3
14809,3,4
16221,3,3
30054,6,2
3237,0,3
35609,6,4
17680,3,4
7940,2,3
8092,2,2
30069,6,6
9932,2,3
2210,0,4
7577,2,2
31433,6,6
31040,6,6
12423,3,0
9759,2,3
26561,5,5
7349,2,6
18641,3,3
34317,6,6
20824,4,0
29203,5,6
10112,2,3
22626,4,4
2900,0,4
4410,0,6
1486,0,3
19602,3,0
24809,4,3
34941,6,4
35060,6,4
35085,6,3
29506,5,5
33729,6,3
2792,0,3
29575,5,4
32340,6,6
24992,4,6
30953,6,6
25809,5,6
12515,3,3
32801,6,0
28689,5,0
25646,4,3
21199,4,3
9418,2,2
22876,4,4
4984,1,3
22376,4,2
33932,6,2
19820,4,2
28335,5,4
18947,3,3
33731,6,4
4405,0,0
30313,6,2
19271,3,6
8520,2,5
3962,0,0
27589,5,5
4849,0,6
22315,4,4
17719,3,3
6151,2,0
6069,2,2
3790,0,1
30536,6,6
10421,2,2
20487,4,4
30180,6,6
21858,4,0
21343,4,6
3001,0,2
10902,3,4
31334,6,4
27510,5,0
28903,5,5
18934,3,3
21551,4,3
30976,6,0
10542,2,0
455,0,3
5023,1,3
5160,1,1
8445,2,3
17486,3,6
16104,3,2
8218,2,3
16360,3,6
14121,3,3
27735,5,5
10793,3,3
3287,0,3
10798,3,2
12595,3,3
12733,3,6
11982,3,3
26486,5,3
34241,6,0
9460,2,5
11901,3,2
29010,5,6
4737,0,3
24227,4,3
18538,3,4
4992,1,4
679,0,2
451,0,0
34086,6,3
33852,6,4
19941,4,3
2000,0,3
27426,5,5
17161,3,4
23550,4,3
4356,0,4
31678,6,4
2104,0,0
2529,0,3
22666,4,3
2524,0,4
20360,4,3
5761,2,0
20012,4,3
9497,2,5
13940,3,3
1807,0,3
29908,6,3
2169,0,4
24458,4,0
608,0,4
17573,3,3
27685,5,5
27590,5,6
24017,4,3
26144,5,3
4396,0,3
16894,3,6
7089,2,2
24111,4,4
2410,0,2
12464,3,3
15109,3,3
35571,6,5
24156,4,6
8110,2,6
30253,6,4
13649,3,3
16441,3,3
29004,5,5
5195,1,6
31498,6,4
26459,5,3
32355,6,4
22517,4,3
1645,0,4
9557,2,6
27509,5,6
25539,4,6
28815,5,3
35364,6,3
32553,6,0
32820,6,6
27529,5,6
9046,2,3
32247,6,4
25193,4,2
30785,6,3
25102,4,3
24441,4,3
21241,4,0
23524,4,2
6296,2,2
25885,5,3
2809,0,2
3435,0,3
25202,4,3
23505,4,3
5758,2,3
19768,4,4
16962,3,0
30064,6,3
16215,3,6
26643,5,5
7162,2,2
1049,0,0
4534,0,5
27432,5,3
14476,3,0
19367,3,3
7673,2,4
31079,6,6
29598,5,3
12534,3,6
25324,4,3
21786,4,2
31369,6,5
10332,2,4
16635,3,0
14523,3,5
28116,5,5
22661,4,0
24532,4,3
11006,3,3
13510,3,3
35187,6,0
27209,5,2
27016,5,3
27133,5,5
34466,6,3
25693,5,5
28717,5,4
19806,4,4
366,0,0
34344,6,3
25483,4,4
10279,2,3
11278,3,2
7608,2,3
24373,4,6
9167,2,5
33157,6,6
28720,5,5
27287,5,5
13740,3,6
14310,3,2
803,0,4
15108,3,0
10110,2,6
8007,2,3
9084,2,2
32815,6,3
24996,4,4
5512,2,3
10526,2,6
175,0,6
35677,6,2
13770,3,3
34244,6,4
7931,2,5
13883,3,6
7550,2,3
5885,2,3
19539,3,6
3447,0,5
31831,6,4
29291,5,3
1589,0,6
11233,3,3
158,0,4
25582,4,4
16650,3,3
4690,0,2
23708,4,3
10443,2,5
5089,1,4
9806,2,3
25504,4,3
24551,4,0
6763,2,3
12521,3,0
23797,4,6
2465,0,0
20106,4,3
8633,2,3
12258,3,3
26915,5,5
10303,2,3
4998,1,5
21672,4,0
31753,6,3
20113,4,2
12286,3,6
28434,5,2
18407,3,4
32634,6,3
26377,5,3
9144,2,3
25262,4,0
17718,3,3
31368,6,3
9029,2,2
6732,2,2
3431,0,4
5731,2,3
19089,3,3
14513,3,3
5107,1,4
5754,2,5
1895,0,0
33639,6,3
14795,3,3
12456,3,4
3071,0,6
11923,3,2
24230,4,4
925,0,0
10140,2,3
7882,2,6
34049,6,3
23990,4,6
10596,2,2
1211,0,0
17264,3,4
19231,3,6
35636,6,6
33568,6,4
16854,3,3
9758,2,3
28773,5,3
6150,2,0
25916,5,5
14311,3,3
690,0,3
7904,2,0
18483,3,4
18799,3,3
9147,2,3
29050,5,3
25623,4,4
31097,6,6
24493,4,3
17986,3,0
26574,5,3
35752,6,3
33863,6,1
832,0,3
1119,0,3
15644,3,3
11236,3,3
9540,2,4
25030,4,4
13711,3,4
12986,3,6
30226,6,6
11204,3,3
11165,3,2
25695,5,5
29271,5,3
26976,5,4
31919,6,6
8588,2,3
4764,0,0
8363,2,5
21468,4,3
32922,6,6
32541,6,3
7746,2,2
17951,3,6
33579,6,6
5598,2,3
13086,3,3
8154,2,3
32894,6,3
30475,6,4
11186,3,6
18476,3,2
420,0,0
20014,4,3
30962,6,0
16601,3,0
23396,4,6
1041,0,0
2137,0,0
25918,5,5
5436,1,1
21135,4,5
19737,4,2
19919,4,5
10283,2,2
5701,2,5
33060,6,4
25181,4,3
23833,4,4
5170,1,0
5159,1,3
17188,3,4
14660,3,2
11371,3,2
2293,0,4
24023,4,3
28300,5,6
23015,4,2
26203,5,5
15220,3,4
23410,4,6
31133,6,4
14854,3,4
8653,2,4
24734,4,3
6037,2,2
27385,5,3
9036,2,3
19066,3,3
25914,5,6
1293,0,5
35641,6,6
3331,0,0
33359,6,6
23566,4,2
21378,4,0
27753,5,5
23615,4,6
34882,6,6
17372,3,2
15815,3,3
8718,2,3
14868,3,6
21267,4,3
14291,3,6
11959,3,6
8841,2,0
31543,6,2
8702,2,2
27518,5,2
27162,5,5
164,0,3
1914,0,0
245,0,6
1259,0,2
2491,0,2
22871,4,3
34110,6,4
25051,4,6
10270,2,2
14720,3,5
30149,6,6
17443,3,3
3634,0,3
19443,3,4
6973,2,3
26191,5,5
8784,2,3
19188,3,6
9923,2,4
26818,5,3
2168,0,3
30000,6,3
21260,4,6
5578,2,3
5455,1,6
12868,3,3
20911,4,4
21490,4,3
12433,3,3
8271,2,2
34649,6,5
161,0,3
1762,0,3
19741,4,3
6692,2,2
28122,5,5
7197,2,3
25283,4,4
8523,2,3
17830,3,3
13474,3,3
35252,6,3
1225,0,2
7308,2,3
7830,2,4
3255,0,3
25563,4,6
30999,6,6
22570,4,6
1234,0,3
19302,3,0
26470,5,2
29151,5,5
33711,6,6
14677,3,3
32377,6,6
6429,2,6
1854,0,2
2141,0,3
10040,2,2
35296,6,6
33346,6,6
12517,3,6
1731,0,4
24492,4,5
27218,5,3
31648,6,3
44,0,2
6500,2,6
19770,4,4
5647,2,4
20006,4,3
8964,2,3
8382,2,4
32206,6,3
13525,3,0
11614,3,4
23420,4,3
26517,5,6
33200,6,4
30910,6,3
793,0,3
23758,4,6
29847,6,3
20703,4,4
16369,3,4
20441,4,4
34841,6,4
27555,5,5
24256,4,0
9057,2,2
2081,0,2
11836,3,0
12873,3,3
31029,6,2
32916,6,4
34185,6,4
35755,6,4
15599,3,0
33278,6,3
25894,5,5
13034,3,6
32812,6,3
10425,2,6
3819,0,0
35185,6,4
15679,3,0
26229,5,4
6346,2,3
12106,3,3
16401,3,4
13461,3,3
26061,5,5
13836,3,0
34074,6,2
1404,0,3
23476,4,3
28979,5,5
11078,3,3
18560,3,4
1301,0,6
3286,0,0
9538,2,5
3767,0,3
16466,3,3
3502,0,3
16173,3,0
32824,6,6
18012,3,6
31893,6,0
9041,2,2
22867,4,3
2831,0,3
31310,6,0
31267,6,3
15671,3,3
8143,2,3
25541,4,3
21237,4,3
23682,4,0
12039,3,3
1402,0,3
32957,6,3
33720,6,3
25947,5,5
11145,3,6
22586,4,3
23594,4,3
24699,4,4
25317,4,4
30025,6,4
28040,5,5
15080,3,4
6725,2,2
32877,6,3
34515,6,3
21692,4,3
26199,5,3
22684,4,3
12920,3,3
417,0,0
28349,5,5
18645,3,3
11814,3,3
6449,2,4
25711,5,2
30302,6,2
26123,5,0
33020,6,6
15070,3,6
27547,5,3
5981,2,2
8300,2,0
18706,3,0
28215,5,5
32228,6,3
16169,3,2
22355,4,4
24640,4,3
3087,0,3
7131,2,3
22430,4,3
27267,5,3
15279,3,4
23607,4,4
11625,3,3
14139,3,3
31030,6,3
4086,0,4
25852,5,0
17871,3,3
17224,3,5
22256,4,3
22325,4,3
8874,2,3
9941,2,6
4202,0,5
27558,5,5
35193,6,3
25911,5,0
97,0,4
34328,6,5
7650,2,6
34984,6,3
33490,6,4
28188,5,4
21943,4,3
30357,6,4
7002,2,2
4993,1,3
8158,2,6
27110,5,5
30385,6,3
32988,6,6
7856,2,2
10431,2,3
5886,2,6
5506,2,3
32406,6,3
19019,3,3
25763,5,5
8299,2,3
25433,4,4
11377,3,5
33855,6,6
13643,3,3
34227,6,6
11253,3,3
32148,6,2
9174,2,3
12695,3,0
11306,3,4
5767,2,4
33162,6,3
24036,4,4
8483,2,2
14986,3,3
19715,4,4
3244,0,6
6131,2,3
10788,3,5
34607,6,3
4081,0,0
6600,2,3
10441,2,3
16585,3,2
18926,3,6
2380,0,6
1453,0,0
2829,0,3
30042,6,0
5271,1,3
21206,4,6
3503,0,6
24729,4,4
7320,2,6
1096,0,4
27876,5,5
7540,2,5
28455,5,3
7757,2,6
16427,3,4
17608,3,3
17178,3,6
13336,3,4
22465,4,4
740,0,2
1979,0,2
4130,0,5
4466,0,3
35448,6,6
2024,0,0
10097,2,3
22006,4,3
21789,4,4
4567,0,2
22659,4,6
22213,4,2
29742,6,6
26428,5,3
5859,2,2
11413,3,3
21209,4,0
30020,6,3
29562,5,2
26342,5,2
7896,2,4
7062,2,3
25113,4,3
4199,0,3
22794,4,0
35741,6,3
2846,0,3
31041,6,6
29991,6,3
30072,6,4
19116,3,3
24951,4,3
22194,4,4
3251,0,5
13658,3,0
33241,6,3
16823,3,3
16629,3,4
22434,4,3
22287,4,6
29603,5,6
7371,2,6
12596,3,4
25221,4,3
3844,0,3
1990,0,3
33111,6,6
2569,0,0
454,0,4
24193,4,6
6881,2,6
9542,2,3
250,0,3
35286,6,3
19295,3,0
16220,3,2
14170,3,3
8490,2,2
23860,4,3
19031,3,3
19720,4,4
26965,5,5
10159,2,5
33832,6,4
22918,4,4
5209,1,1
34886,6,4
26830,5,5
19899,4,3
30424,6,4
4438,0,3
5258,1,1
19636,4,6
10555,2,3
31590,6,0
28860,5,5
19855,4,2
17456,3,6
2624,0,6
372,0,0
35703,6,3
28109,5,3
11502,3,2
22428,4,3
10862,3,3
30866,6,3
20478,4,3
5503,2,2
13360,3,3
28445,5,5
31692,6,3
7612,2,2
28417,5,5
14226,3,3
173,0,3
25767,5,5
17010,3,0
21262,4,5
33865,6,3
22955,4,0
23095,4,3
20932,4,3
17441,3,3
22252,4,4
14544,3,3
29814,6,3
13191,3,3
18164,3,6
8329,2,0
24740,4,4
9896,2,3
19755,4,3
12443,3,3
1892,0,3
1269,0,0
22965,4,6
29500,5,3
16109,3,3
31130,6,5
346,0,0
412,0,3
12351,3,3
23606,4,4
13871,3,3
1708,0,4
24608,4,3
15855,3,3
16332,3,5
18346,3,6
23355,4,4
19043,3,3
13702,3,5
27950,5,5
12967,3,4
23071,4,3
28655,5,0
7721,2,0
25254,4,4
29345,5,5
26873,5,5
33365,6,4
7563,2,2
34413,6,3
33401,6,5
6068,2,6
24895,4,3
11542,3,2
17476,3,6
25875,5,5
33677,6,6
14111,3,3
23759,4,3
14895,3,3
12637,3,5
22966,4,4
7835,2,0
27315,5,3
34321,6,4
26507,5,5
1960,0,3
19273,3,3
2867,0,1
28070,5,5
34917,6,3
17653,3,3
6902,2,2
35668,6,3
23750,4,3
1842,0,0
13970,3,5
25049,4,4
16016,3,6
31064,6,3
4046,0,2
2842,0,4
4354,0,6
25016,4,6
31183,6,4
5779,2,5
34095,6,2
13800,3,0
3846,0,6
1535,0,3
18495,3,4
349,0,3
16581,3,0
26198,5,0
27984,5,5
648,0,6
31171,6,3
6706,2,2
19358,3,3
24950,4,3
28298,5,5
24388,4,3
21090,4,4
790,0,5
33808,6,4
27793,5,3
21679,4,3
16150,3,3
33813,6,3
19912,4,4
17781,3,3
23459,4,2
33450,6,0
25255,4,3
2711,0,3
3494,0,6
25062,4,4
20544,4,3
1986,0,3
14782,3,3
30992,6,3
9727,2,3
17952,3,6
27522,5,3
10172,2,2
16007,3,2
20724,4,3
32132,6,0
12823,3,3
26641,5,5
7354,2,3
26823,5,5
31492,6,4
11458,3,5
2712,0,4
22172,4,3
11083,3,4
22522,4,4
11669,3,0
29215,5,5
10698,3,0
21044,4,4
4626,0,3
33706,6,3
22700,4,3
6380,2,5
21520,4,3
17812,3,0
9772,2,2
16103,3,6
666,0,0
6328,2,5
8766,2,5
18597,3,0
15552,3,3
1471,0,3
22849,4,6
9914,2,3
25219,4,0
25339,4,2
14087,3,2
33640,6,2
22136,4,3
21901,4,3
106,0,5
11555,3,2
1840,0,2
21364,4,3
5980,2,5
19044,3,3
12281,3,3
25549,4,6
12194,3,2
34370,6,2
3247,0,3
2923,0,4
29197,5,4
27451,5,5
34294,6,3
4164,0,0
2097,0,0
12999,3,5
18565,3,3
19252,3,3
2115,0,3
2174,0,4
35673,6,6
5798,2,5
8422,2,2
23218,4,3
2833,0,4
20974,4,0
31851,6,3
27801,5,5
25593,4,3
14127,3,3
20212,4,4
18875,3,3
22873,4,3
5087,1,4
22072,4,6
3262,0,3
27262,5,5
8314,2,3
26333,5,4
16491,3,2
23802,4,6
33923,6,4
28392,5,5
29041,5,4
28382,5,6
12828,3,3
19204,3,3
25253,4,3
30920,6,6
26033,5,5
6100,2,5
13623,3,6
30912,6,6
11997,3,3
23627,4,4
20380,4,4
9834,2,3
29164,5,3
19821,4,6
2682,0,2
18652,3,3
30819,6,3
14282,3,2
10479,2,4
18956,3,4
34509,6,3
13456,3,5
6738,2,3
9199,2,2
15,0,3
11983,3,3
26723,5,5
16270,3,0
4052,0,6
7113,2,3
3241,0,3
223,0,3
4215,0,0
5227,1,1
4155,0,3
3248,0,3
247,0,3
35070,6,5
17581,3,3
3594,0,6
24151,4,3
31676,6,6
17860,3,4
20105,4,4
9934,2,6
29884,6,0
22375,4,0
28740,5,5
27219,5,5
10772,3,4
1768,0,6
33695,6,6
6049,2,3
452,0,3
325,0,0
10906,3,3
23970,4,4
28386,5,5
34952,6,3
2112,0,6
25464,4,6
14975,3,6
28855,5,4
9996,2,6
34892,6,2
4573,0,3
33551,6,6
7481,2,3
8386,2,3
15593,3,3
21688,4,4
21449,4,4
16504,3,4
32253,6,6
20617,4,3
11058,3,6
24848,4,4
24331,4,4
24904,4,2
4008,0,3
30250,6,3
163,0,3
20799,4,3
34867,6,3
14718,3,4
25510,4,0
17874,3,6
31210,6,3
23125,4,3
8253,2,2
19523,3,3
16863,3,0
5005,1,1
6636,2,2
8051,2,5
13906,3,2
22502,4,6
34798,6,0
16367,3,0
6164,2,5
2781,0,3
7079,2,0
30798,6,0
29862,6,0
4018,0,6
30566,6,6
21849,4,3
24586,4,4
13959,3,0
408,0,3
31195,6,6
27656,5,6
10799,3,4
34687,6,3
8157,2,3
18384,3,3
15135,3,6
26086,5,4
10837,3,1
13451,3,3
22224,4,2
18779,3,3
30119,6,3
31075,6,3
21032,4,2
17746,3,2
27439,5,5
31031,6,3
34209,6,3
18679,3,2
4803,0,4
17453,3,4
6862,2,6
31751,6,3
17692,3,3
18094,3,3
12475,3,6
13100,3,3
21191,4,3
6861,2,0
9549,2,3
17045,3,6
30622,6,4
30499,6,6
8369,2,2
34041,6,2
29447,5,3
6104,2,3
11768,3,0
24465,4,3
26070,5,5
2677,0,3
31762,6,3
10347,2,3
28148,5,5
33744,6,4
11611,3,0
34330,6,4
35029,6,3
110,0,3
14343,3,3
20422,4,3
32734,6,6
30532,6,0
2775,0,3
14431,3,6
12073,3,0
31695,6,3
31917,6,0
24294,4,2
33094,6,3
27866,5,5
5568,2,2
31119,6,0
2073,0,3
35777,6,5
8245,2,2
22163,4,4
1618,0,0
7908,2,4
1020,0,6
16177,3,4
27543,5,3
26595,5,3
4823,0,4
33133,6,4
30945,6,6
14777,3,3
32685,6,6
12333,3,2
13801,3,2
6175,2,2
31874,6,4
35098,6,0
4502,0,6
23560,4,4
21018,4,3
34897,6,3
1355,0,2
35733,6,6
28017,5,0
17472,3,6
33034,6,0
12528,3,6
9341,2,5
1373,0,2
12418,3,0
37,0,4
11718,3,5
33840,6,3
792,0,0
29344,5,5
8696,2,0
29549,5,5
11118,3,4
22384,4,4
32980,6,3
13599,3,3
18536,3,3
7864,2,2
21746,4,6
28501,5,4
35694,6,3
3695,0,3
22755,4,2
35311,6,6
2246,0,3
4785,0,3
24691,4,3
8708,2,3
22699,4,3
21744,4,6
25520,4,3
12015,3,3
12591,3,4
33242,6,0
24347,4,6
6504,2,3
24760,4,3
31942,6,0
35082,6,6
34955,6,2
13945,3,3
35706,6,6
16184,3,4
16538,3,0
18327,3,3
5419,1,0
22565,4,6
3648,0,3
3459,0,2
29913,6,3
18571,3,3
33841,6,3
12739,3,3
15392,3,4
20733,4,3
14606,3,3
28972,5,5
4345,0,3
12164,3,3
3955,0,3
10458,2,0
33824,6,4
13270,3,6
6264,2,0
21462,4,0
30854,6,3
15656,3,4
14842,3,3
12410,3,3
9612,2,5
4835,0,4
15425,3,3
19000,3,4
5642,2,3
34641,6,0
26280,5,3
32358,6,4
18403,3,0
34840,6,3
30697,6,3
25065,4,3
32357,6,4
17678,3,4
32614,6,6
14192,3,2
30409,6,6
169,0,6
7000,2,3
13949,3,3
1437,0,0
21517,4,6
668,0,3
20796,4,3
1868,0,4
29776,6,4
6406,2,2
6537,2,3
8423,2,6
21543,4,6
20345,4,3
10590,2,6
30885,6,4
8576,2,2
18116,3,0
17616,3,6
17861,3,3
17366,3,3
12387,3,4
17546,3,3
32303,6,6
728,0,2
19136,3,4
2584,0,0
28977,5,5
16421,3,0
29124,5,3
32365,6,6
28488,5,5
8335,2,3
7443,2,4
7069,2,4
19088,3,3
35746,6,6
20976,4,4
27085,5,5
16764,3,0
22622,4,3
15252,3,2
11492,3,3
23192,4,3
7892,2,3
34848,6,3
3064,0,6
24546,4,4
22616,4,4
10589,2,4
35563,6,0
10721,3,3
13613,3,3
33774,6,3
598,0,3
32589,6,0
17648,3,3
4035,0,0
34845,6,0
23882,4,6
6115,2,6
8103,2,2
334,0,5
20967,4,3
23730,4,0
15469,3,0
30814,6,3
31912,6,4
27792,5,4
33854,6,3
23229,4,3
27032,5,3
16212,3,3
35137,6,6
26488,5,5
13834,3,0
10094,2,4
28503,5,0
16686,3,0
4393,0,3
29514,5,3
2337,0,3
27095,5,5
11600,3,6
7819,2,6
32974,6,6
31668,6,4
13359,3,4
15000,3,6
726,0,3
19494,3,4
30687,6,3
33878,6,3
5057,1,1
14812,3,2
29273,5,5
24815,4,6
1632,0,5
3159,0,2
23845,4,4
1847,0,6
9675,2,3
27449,5,5
29614,5,5
23529,4,3
29775,6,3
16729,3,3
16031,3,6
30436,6,3
16640,3,3
25237,4,2
25002,4,0
34191,6,3
30862,6,6
7994,2,2
23225,4,6
34777,6,4
10828,3,3
7631,2,6
1585,0,3
34039,6,6
21019,4,3
33856,6,6
2539,0,3
8652,2,2
33377,6,3
32479,6,3
27378,5,4
21425,4,5
8777,2,6
14759,3,6
2879,0,4
2673,0,3
513,0,4
19575,3,6
21508,4,4
29666,5,5
34619,6,3
9413,2,5
34925,6,3
17204,3,5
9789,2,2
13832,3,5
34148,6,2
21768,4,3
12089,3,3
26797,5,4
23176,4,4
23173,4,3
29116,5,5
19985,4,0
26434,5,6
33684,6,0
15085,3,6
4563,0,5
29324,5,5
20881,4,3
2216,0,3
18819,3,3
3889,0,3
12244,3,4
22477,4,3
22588,4,3
14745,3,4
1182,0,0
30809,6,6
10557,2,2
27140,5,5
29995,6,3
1031,0,3
31354,6,3
24046,4,0
5295,1,6
1565,0,3
10055,2,3
11573,3,6
22358,4,6
21996,4,4
30315,6,3
23692,4,0
3428,0,6
32719,6,2
28725,5,6
15716,3,0
33000,6,0
21728,4,4
19901,4,3
21574,4,3
1867,0,4
23018,4,4
27737,5,0
2070,0,0
30383,6,3
26093,5,5
18100,3,3
6283,2,2
9953,2,5
11434,3,3
12550,3,3
16101,3,3
17959,3,2
26405,5,5
12437,3,3
23858,4,3
24407,4,3
26537,5,0
22992,4,6
4863,0,4
28198,5,6
7975,2,0
34869,6,3
13514,3,5
34239,6,3
8689,2,2
17122,3,0
31374,6,4
1414,0,0
34487,6,5
24115,4,3
22984,4,0
32871,6,4
10900,3,3
35718,6,5
2911,0,3
9561,2,6
8899,2,3
2447,0,6
35885,6,5
22604,4,2
22296,4,5
5501,2,2
5038,1,4
27469,5,3
3240,0,4
15626,3,2
11667,3,3
117,0,5
25003,4,3
23767,4,2
35425,6,3
141,0,3
31391,6,6
34112,6,3
20060,4,3
7223,2,2
34159,6,6
27042,5,5
2523,0,3
25064,4,6
27302,5,5
14921,3,4
11618,3,3
21464,4,4
21012,4,6
29101,5,5
10063,2,2
32876,6,3
7127,2,0
24478,4,3
695,0,6
35501,6,2
35517,6,3
2766,0,0
7680,2,6
30255,6,6
35647,6,2
28771,5,3
20114,4,3
18190,3,6
24639,4,4
28158,5,5
27023,5,5
30206,6,6
22304,4,3
10278,2,2
28621,5,3
24708,4,3
6034,2,6
25247,4,3
6983,2,2
8517,2,3
23794,4,0
26432,5,0
14689,3,0
7804,2,2
34728,6,3
26750,5,5
26881,5,5
34260,6,6
25830,5,5
16563,3,3
22506,4,3
15539,3,5
2952,0,4
8659,2,3
1604,0,3
30428,6,2
9959,2,3
11336,3,5
16436,3,4
4598,0,2
1651,0,6
15413,3,5
59,0,6
31229,6,2
30298,6,6
34228,6,6
16290,3,3
19861,4,4
30474,6,0
21931,4,4
7580,2,3
32402,6,6
20238,4,4
29817,6,5
15832,3,3
16743,3,4
9259,2,3
9348,2,2
19750,4,3
30341,6,3
27778,5,5
8011,2,2
28064,5,6
15775,3,6
20369,4,3
30204,6,3
18479,3,3
31087,6,3
23569,4,4
26383,5,6
20528,4,3
21825,4,4
16322,3,3
20751,4,6
9496,2,3
20877,4,4
2311,0,3
16045,3,3
11414,3,5
35173,6,6
18979,3,3
24282,4,3
31345,6,3
13546,3,6
2439,0,4
22134,4,0
27655,5,3
754,0,3
18409,3,6
27774,5,5
23747,4,4
13997,3,3
23908,4,3
7976,2,4
22251,4,3
3834,0,3
16405,3,3
29705,6,3
13539,3,3
23679,4,4
13523,3,3
17962,3,3
4639,0,3
23495,4,4
29753,6,6
1628,0,6
54,0,0
29012,5,3
33669,6,3
9065,2,3
22987,4,4
7363,2,2
7965,2,3
32788,6,3
10246,2,3
8935,2,6
21761,4,2
24246,4,3
3899,0,3
17092,3,4
30534,6,6
2051,0,3
32477,6,5
29290,5,3
34765,6,0
4427,0,3
9794,2,3
35186,6,3
26247,5,3
15559,3,4
34746,6,2
6001,2,2
8455,2,2
33618,6,3
14920,3,3
29812,6,2
6871,2,2
15561,3,3
18342,3,3
27730,5,4
3574,0,3
8321,2,3
17879,3,6
32508,6,4
2257,0,4
23633,4,3
34476,6,2
19510,3,3
13256,3,5
4196,0,2
7330,2,3
19681,4,3
32144,6,6
26925,5,4
9590,2,1
20070,4,6
27054,5,6
19394,3,5
23716,4,4
2819,0,0
30805,6,5
191,0,5
4513,0,0
18363,3,3
32238,6,3
29802,6,5
15479,3,0
1921,0,2
21627,4,5
12871,3,0
19946,4,2
30423,6,6
13281,3,4
24930,4,3
29241,5,3
29069,5,2
34988,6,2
34279,6,2
21892,4,5
8839,2,2
20915,4,4
28685,5,5
18158,3,3
33267,6,6
9685,2,4
25184,4,5
27290,5,3
21320,4,2
4636,0,2
12060,3,3
2386,0,3
10047,2,3
125,0,0
18720,3,3
22069,4,6
9454,2,3
21782,4,4
18128,3,4
28261,5,6
24844,4,0
30241,6,3
30926,6,3
12994,3,0
6136,2,6
12379,3,3
16850,3,6
14960,3,3
35698,6,3
21723,4,5
1391,0,0
34068,6,6
31998,6,3
2336,0,3
17298,3,0
9444,2,6
26106,5,5
24342,4,0
18625,3,4
15566,3,5
15698,3,3
516,0,0
5348,1,3
17983,3,3
14521,3,4
25057,4,0
3379,0,4
18295,3,3
13230,3,3
4594,0,3
29265,5,3
277,0,4
24090,4,4
28295,5,5
29752,6,2
28902,5,5
9476,2,6
19727,4,0
2050,0,3
23774,4,3
32856,6,3
17721,3,3
19392,3,4
5880,2,0
13705,3,3
14643,3,3
28623,5,2
18078,3,3
15420,3,3
28055,5,5
20582,4,4
26058,5,5
13452,3,3
16133,3,0
1574,0,3
13775,3,5
9634,2,2
27143,5,2
1821,0,4
11055,3,5
8414,2,3
5702,2,3
1356,0,0
5091,1,1
23060,4,3
874,0,3
29239,5,0
24681,4,3
24821,4,6
14929,3,6
32108,6,3
24909,4,3
15390,3,0
19384,3,4
27168,5,6
4811,0,0
18751,3,3
7034,2,3
23056,4,4
17334,3,3
22052,4,0
4662,0,0
27603,5,3
2834,0,0
34372,6,4
35658,6,3
21291,4,3
116,0,3
16946,3,3
18489,3,4
32417,6,2
29201,5,2
23159,4,4
4628,0,4
11634,3,2
3735,0,6
10521,2,3
26543,5,2
16027,3,4
32714,6,3
22279,4,3
25530,4,3
7238,2,4
19386,3,3
14120,3,3
20825,4,6
20971,4,0
17153,3,6
1710,0,3
7807,2,4
22949,4,6
31177,6,6
24621,4,0
13017,3,3
1763,0,0
22888,4,4
20054,4,4
17674,3,6
5676,2,3
31297,6,3
823,0,2
15779,3,0
18348,3,3
30363,6,3
11732,3,5
1526,0,5
31398,6,3
15917,3,3
17955,3,3
5669,2,6
24315,4,4
12055,3,0
4975,1,5
10219,2,3
146,0,6
35869,6,3
21379,4,3
2224,0,3
29937,6,3
5199,1,1
26782,5,3
654,0,3
14563,3,3
6522,2,4
35495,6,3
20417,4,3
34919,6,3
34048,6,3
32700,6,3
20975,4,4
18849,3,5
19303,3,6
25010,4,4
29921,6,0
24253,4,6
16345,3,6
15990,3,5
12544,3,3
22007,4,3
10225,2,6
18755,3,3
28884,5,3
17647,3,4
3751,0,6
18198,3,6
26554,5,5
12638,3,5
32317,6,4
27613,5,5
20330,4,6
22993,4,6
25076,4,6
19434,3,4
15578,3,4
5117,1,5
26725,5,6
17814,3,0
21129,4,3
20286,4,4
8206,2,3
22801,4,3
17265,3,6
22200,4,0
34511,6,6
901,0,0
35483,6,3
17426,3,3
9604,2,2
12314,3,2
27003,5,5
27475,5,4
4462,0,4
24973,4,3
20551,4,5
35650,6,3
11122,3,3
5743,2,0
5612,2,4
22058,4,5
18785,3,3
2520,0,6
34813,6,4
35334,6,4
17228,3,3
7664,2,3
1661,0,3
18275,3,0
509,0,4
9566,2,3
3084,0,6
12285,3,4
12844,3,3
18045,3,3
1635,0,6
7244,2,5
21978,4,4
24189,4,3
18478,3,6
9500,2,5
35861,6,3
24069,4,2
5657,2,3
1992,0,0
9385,2,2
447,0,0
26056,5,3
20302,4,4
33946,6,3
6040,2,6
15230,3,0
16986,3,3
19837,4,2
14898,3,6
3796,0,2
17783,3,3
18134,3,3
12606,3,4
10913,3,4
35405,6,2
12335,3,6
27953,5,5
23158,4,3
11396,3,3
20495,4,3
13414,3,0
23650,4,4
25705,5,5
28946,5,5
28464,5,5
7788,2,6
22291,4,6
17522,3,3
2440,0,4
491,0,3
35494,6,3
8188,2,2
27340,5,2
27245,5,2
9117,2,3
20650,4,3
18900,3,3
1370,0,0
1804,0,4
30864,6,3
21158,4,0
4556,0,4
31882,6,3
20494,4,3
3859,0,3
1449,0,3
29765,6,6
13400,3,3
8976,2,5
23464,4,3
3991,0,3
12225,3,3
34478,6,3
1007,0,6
5327,1,0
28666,5,5
11828,3,3
31747,6,4
34453,6,6
25621,4,0
10708,3,3
24572,4,4
33431,6,6
14863,3,3
15238,3,6
3492,0,3
23483,4,2
16707,3,3
828,0,2
1858,0,3
29253,5,5
27507,5,5
3243,0,4
12832,3,6
11928,3,3
30956,6,6
11155,3,3
32323,6,2
6332,2,6
15610,3,3
11174,3,0
20575,4,6
16944,3,4
19601,3,2
29095,5,5
2022,0,3
33033,6,6
605,0,3
4851,0,2
8516,2,4
6282,2,2
32059,6,3
31282,6,5
6991,2,3
136,0,0
23285,4,0
18418,3,6
2850,0,3
891,0,0
6074,2,6
34004,6,5
15672,3,2
20630,4,5
10851,3,0
25501,4,4
33605,6,4
12206,3,3
31496,6,6
8189,2,3
12548,3,3
2610,0,4
24138,4,3
27563,5,6
2882,0,3
28587,5,2
33536,6,3
33228,6,5
3458,0,0
23374,4,4
35471,6,4
19812,4,0
26441,5,6
28266,5,5
3300,0,4
12234,3,3
24630,4,3
34037,6,6
8364,2,3
27047,5,6
9885,2,0
29740,6,4
3343,0,0
3757,0,3
26545,5,5
28890,5,6
20137,4,4
1549,0,3
16323,3,6
35855,6,2
26759,5,3
30968,6,6
22538,4,4
18856,3,6
9359,2,2
2857,0,4
19456,3,2
22803,4,3
27285,5,3
3632,0,3
1275,0,2
30113,6,3
840,0,3
11806,3,3
18795,3,3
31274,6,0
28893,5,2
30563,6,4
24025,4,2
9782,2,3
30744,6,0
21880,4,0
12451,3,5
10074,2,3
34898,6,0
3233,0,3
5650,2,2
16231,3,6
5605,2,4
12843,3,6
23287,4,0
5264,1,1
25781,5,5
28665,5,0
24770,4,0
21608,4,3
27583,5,5
4039,0,2
1458,0,2
1939,0,4
22922,4,3
26220,5,3
5431,1,1
21987,4,4
16042,3,2
19268,3,3
27546,5,5
12347,3,3
13347,3,6
23939,4,3
3416,0,6
14329,3,6
29141,5,5
34541,6,0
235,0,2
851,0,2
34339,6,6
31317,6,6
9574,2,6
9884,2,2
24249,4,5
5745,2,2
23691,4,3
22059,4,3
5171,1,3
1929,0,0
9581,2,6
34779,6,3
28184,5,5
26661,5,2
18896,3,3
11651,3,3
7586,2,2
6911,2,0
23519,4,6
31449,6,4
33554,6,3
7195,2,3
19180,3,4
1941,0,3
31143,6,6
35453,6,6
35106,6,3
35440,6,3
33110,6,4
29357,5,2
31441,6,3
14393,3,3
28708,5,3
27377,5,6
29452,5,6
13819,3,0
22974,4,3
12493,3,4
5828,2,2
22503,4,6
3456,0,0
12962,3,5
25053,4,3
24642,4,3
23510,4,4
20490,4,3
16075,3,3
15250,3,3
28482,5,3
21927,4,2
7429,2,2
30317,6,2
25042,4,6
12950,3,3
32152,6,3
23384,4,4
24518,4,3
7780,2,3
23795,4,3
6113,2,3
34007,6,3
3746,0,3
9665,2,3
8600,2,3
30084,6,5
19068,3,3
3862,0,3
33709,6,2
31518,6,0
4179,0,3
10642,3,3
15963,3,4
15446,3,0
10067,2,3
17526,3,3
26774,5,5
5694,2,3
28038,5,5
28691,5,2
12412,3,4
2966,0,0
16726,3,0
2987,0,0
8747,2,5
1028,0,0
23515,4,6
20046,4,3
4884,0,4
4546,0,3
15641,3,2
16224,3,3
30611,6,6
29880,6,4
26972,5,3
11022,3,3
13588,3,2
22053,4,2
11833,3,3
886,0,0
23570,4,3
26858,5,3
11563,3,3
30465,6,6
30981,6,2
13674,3,6
20309,4,4
20483,4,4
3913,0,0
17924,3,6
18775,3,5
16117,3,4
21843,4,4
34688,6,0
14906,3,3
4070,0,6
12956,3,3
15290,3,4
10522,2,0
4322,0,6
18519,3,3
5300,1,1
32100,6,6
27097,5,0
22921,4,3
10464,2,3
10481,2,3
7966,2,3
7783,2,6
25666,4,6
22780,4,6
18325,3,3
29555,5,4
16734,3,0
24560,4,0
7873,2,3
16633,3,3
25682,4,3
8183,2,3
4725,0,0
35507,6,4
16021,3,5
11100,3,5
17368,3,3
20981,4,3
15199,3,6
1272,0,6
33862,6,0
25431,4,4
27403,5,2
17211,3,2
33177,6,3
18906,3,3
27480,5,5
34400,6,3
12129,3,0
23567,4,4
71,0,4
4447,0,4
16735,3,6
3893,0,6
5113,1,1
24474,4,3
12425,3,6
28790,5,5
21113,4,4
23080,4,3
21185,4,3
9928,2,3
29917,6,0
22099,4,6
14223,3,4
713,0,3
9828,2,0
25308,4,6
4783,0,3
33779,6,3
28194,5,2
9676,2,4
1097,0,4
25972,5,5
411,0,6
21915,4,4
12654,3,5
18628,3,5
18527,3,6
29717,6,4
489,0,4
4797,0,4
30933,6,5
1511,0,2
27776,5,5
22554,4,3
14634,3,3
21783,4,0
19994,4,4
14798,3,3
2046,0,0
32411,6,6
20957,4,6
7338,2,2
3424,0,3
17442,3,0
15685,3,3
18203,3,3
1864,0,0
26648,5,5
18547,3,5
5954,2,3
29710,6,4
850,0,5
18787,3,4
6514,2,2
30254,6,6
11450,3,3
15799,3,0
34953,6,4
18905,3,0
15841,3,4
23546,4,6
7032,2,6
17813,3,4
35834,6,2
4483,0,5
34205,6,4
28318,5,3
5768,2,0
32950,6,3
5677,2,6
5382,1,0
10954,3,2
11867,3,4
35024,6,6
19515,3,4
28908,5,5
19005,3,3
9599,2,3
15633,3,3
8656,2,4
14928,3,4
25424,4,6
32231,6,0
20553,4,4
29499,5,3
565,0,3
26263,5,5
34069,6,4
23791,4,5
27189,5,5
28368,5,5
30388,6,3
26838,5,6
14992,3,3
14037,3,5
31314,6,5
10341,2,3
27348,5,5
3403,0,6
4715,0,4
4464,0,3
12382,3,6
461,0,3
5397,1,5
15067,3,3
25365,4,4
11649,3,0
3164,0,3
15849,3,4
815,0,4
29298,5,0
18175,3,3
1377,0,3
32025,6,2
23047,4,6
2345,0,3
1089,0,2
20395,4,3
11235,3,3
31881,6,6
9164,2,4
14661,3,3
25388,4,4
1016,0,3
14818,3,3
30547,6,6
34334,6,3
34027,6,6
15705,3,4
22408,4,3
29989,6,4
15621,3,3
2956,0,0
22763,4,3
3970,0,4
12037,3,4
16218,3,3
7176,2,3
3533,0,4
21097,4,4
18110,3,3
33229,6,6
10607,2,6
33179,6,3
10212,2,3
4683,0,2
32689,6,6
18079,3,3
33611,6,2
29529,5,3
25099,4,3
3154,0,0
33084,6,3
24655,4,4
3440,0,0
2197,0,0
31163,6,3
2315,0,4
34558,6,4
16358,3,3
4105,0,3
33116,6,4
33402,6,6
20182,4,4
32490,6,6
7171,2,2
5871,2,3
19588,3,6
30009,6,3
33324,6,3
18376,3,4
20644,4,4
11821,3,0
4011,0,0
26490,5,5
4989,1,1
19555,3,3
10199,2,2
20620,4,6
11545,3,3
16225,3,2
9734,2,3
14956,3,4
33527,6,6
13600,3,4
23571,4,3
34676,6,3
13226,3,4
776,0,3
14101,3,3
4746,0,2
33282,6,4
3296,0,3
18108,3,3
8783,2,2
14823,3,3
31081,6,6
14860,3,4
7109,2,6
19499,3,3
9183,2,4
8919,2,6
9305,2,0
24129,4,6
33298,6,2
1679,0,3
17445,3,5
8894,2,2
34271,6,6
13059,3,4
24021,4,4
9650,2,0
31889,6,3
34623,6,4
27924,5,0
7823,2,0
28286,5,3
17154,3,3
34650,6,3
24208,4,4
19285,3,5
8504,2,0
20514,4,4
20905,4,3
28448,5,5
609,0,0
31721,6,4
35278,6,5
7254,2,3
29234,5,5
32756,6,0
2685,0,3
12854,3,0
18965,3,3
9563,2,2
24705,4,3
13758,3,3
4465,0,6
24513,4,2
24305,4,4
15754,3,3
32629,6,6
28538,5,2
6269,2,2
32138,6,3
35770,6,6
280,0,6
7347,2,3
13902,3,3
8724,2,0
5314,1,0
32921,6,2
29246,5,3
8985,2,2
7765,2,3
7798,2,2
35155,6,3
9254,2,2
4242,0,0
12877,3,5
25752,5,5
14011,3,3
18053,3,6
31184,6,4
16992,3,3
5407,1,3
6099,2,2
8699,2,2
20283,4,3
3122,0,3
32764,6,2
33574,6,4
11868,3,3
29771,6,4
21628,4,6
9161,2,6
16716,3,2
1696,0,0
9724,2,2
6293,2,5
34196,6,4
21745,4,3
18579,3,3
34632,6,3
10904,3,0
25186,4,2
3439,0,2
18899,3,6
10549,2,3
12903,3,3
35766,6,6
11049,3,3
30560,6,4
16875,3,3
34128,6,6
9609,2,0
13793,3,3
10340,2,2
2549,0,0
11986,3,2
4666,0,3
9571,2,2
22491,4,2
21233,4,4
6921,2,3
23543,4,6
8001,2,4
4519,0,6
28573,5,5
17371,3,6
13895,3,0
34315,6,3
13849,3,3
26138,5,5
9248,2,0
33479,6,6
2642,0,0
10689,3,5
7701,2,4
3934,0,6
33789,6,2
11209,3,6
20636,4,4
5186,1,1
30510,6,4
13943,3,0
6003,2,3
31412,6,3
1392,0,5
33266,6,3
12117,3,4
5752,2,2
7948,2,4
16780,3,2
7293,2,3
21887,4,0
32550,6,3
21011,4,3
21799,4,3
14060,3,3
29212,5,4
14671,3,3
33021,6,4
8648,2,6
6618,2,0
18021,3,6
1043,0,2
10035,2,2
34513,6,5
4675,0,2
13337,3,3
10601,2,2
15359,3,3
2276,0,3
4888,0,4
34899,6,6
28321,5,6
35554,6,0
29434,5,0
31677,6,3
10831,3,5
12209,3,3
23457,4,4
10442,2,6
13285,3,6
13159,3,3
19673,4,6
17937,3,3
12712,3,3
5154,1,1
19182,3,3
18666,3,6
22577,4,3
1692,0,3
8208,2,3
29294,5,5
19574,3,3
12538,3,2
3453,0,3
9226,2,3
9131,2,2
22071,4,6
22781,4,0
19282,3,3
3031,0,3
29633,5,3
32830,6,3
4571,0,5
10990,3,4
9968,2,2
4296,0,4
7956,2,3
22800,4,3
32245,6,6
7327,2,3
24610,4,3
8252,2,2
26320,5,3
6155,2,3
10235,2,3
10305,2,6
332,0,3
9235,2,3
11999,3,2
31977,6,3
18047,3,6
28905,5,3
21696,4,4
2606,0,3
26008,5,6
31973,6,3
21139,4,4
314,0,3
30032,6,0
14481,3,3
33590,6,3
24269,4,3
16060,3,3
28345,5,2
10440,2,2
1999,0,0
4232,0,6
20589,4,6
19692,4,6
26284,5,5
13066,3,4
917,0,3
12664,3,5
27874,5,3
5739,2,2
21451,4,3
21687,4,3
35322,6,6
8041,2,3
35578,6,5
29697,6,0
20435,4,4
20667,4,3
16789,3,4
10614,2,6
22036,4,6
34256,6,3
15737,3,6
22512,4,4
16317,3,2
30070,6,4
12243,3,3
15937,3,3
3971,0,3
28611,5,6
34928,6,0
30234,6,4
23835,4,3
26991,5,3
31319,6,3
6840,2,2
15789,3,6
18831,3,4
24143,4,3
7315,2,6
23620,4,4
21402,4,0
2513,0,3
17323,3,6
34391,6,6
31146,6,4
14564,3,5
6126,2,6
17063,3,5
19017,3,6
14618,3,4
4214,0,4
25252,4,4
21652,4,2
31054,6,3
19197,3,3
5197,1,2
24140,4,2
9032,2,3
18996,3,4
27666,5,5
31106,6,6
16927,3,3
34426,6,3
15083,3,2
27443,5,6
6812,2,3
26296,5,5
33345,6,2
13852,3,0
11752,3,3
34681,6,3
27829,5,5
7826,2,0
986,0,4
18541,3,4
25569,4,3
20888,4,3
864,0,4
16315,3,3
6147,2,5
1477,0,2
34043,6,3
16539,3,0
32521,6,4
3406,0,3
3374,0,5
6032,2,6
22706,4,3
25856,5,5
15683,3,3
6270,2,2
25525,4,4
21633,4,6
29754,6,2
11090,3,0
12872,3,6
24081,4,2
18368,3,3
17534,3,6
34638,6,6
8833,2,3
15016,3,3
11299,3,3
9326,2,6
35087,6,3
6512,2,0
26955,5,6
5393,1,3
32393,6,6
8161,2,3
22750,4,0
20196,4,3
19603,3,6
8201,2,4
6777,2,4
15920,3,6
11963,3,3
8744,2,6
2493,0,6
3317,0,3
3366,0,4
29648,5,5
3935,0,0
11688,3,0
6224,2,2
33246,6,3
15701,3,3
31607,6,6
35123,6,2
25990,5,0
13365,3,2
12564,3,3
1130,0,3
20175,4,0
16795,3,3
27068,5,5
15170,3,5
11680,3,3
32421,6,3
19650,4,6
813,0,3
8079,2,3
16126,3,3
7220,2,2
18501,3,5
20801,4,4
16813,3,3
26536,5,5
27156,5,0
33762,6,4
17727,3,3
3149,0,6
32263,6,3
361,0,3
35814,6,3
16655,3,3
26386,5,5
2627,0,4
23576,4,3
21971,4,0
32278,6,6
5298,1,6
9203,2,3
27665,5,5
20311,4,4
5675,2,4
1823,0,3
12926,3,3
10511,2,5
11596,3,4
24215,4,3
4203,0,6
6345,2,0
23624,4,3
7377,2,0
5317,1,3
29394,5,5
142,0,3
10651,3,3
12627,3,3
35041,6,3
9024,2,3
13338,3,3
29453,5,5
1984,0,2
13295,3,3
26988,5,3
19980,4,6
8237,2,5
21626,4,3
17289,3,4
10009,2,3
10991,3,0
22463,4,3
403,0,3
7187,2,0
7898,2,6
16851,3,6
6492,2,2
13699,3,3
29743,6,6
25800,5,5
29786,6,3
12374,3,0
10257,2,2
7597,2,6
15675,3,3
26496,5,5
9464,2,6
20036,4,3
14324,3,3
2172,0,3
14064,3,3
32046,6,3
32947,6,3
14108,3,3
6072,2,3
24286,4,3
23044,4,3
31387,6,6
9790,2,3
11076,3,0
18616,3,3
27363,5,5
34172,6,6
10580,2,2
33432,6,4
26334,5,2
753,0,3
12860,3,3
6257,2,3
11546,3,6
15057,3,4
19328,3,3
10452,2,3
9134,2,3
9256,2,5
14359,3,6
12399,3,3
29827,6,2
524,0,3
10654,3,3
20722,4,3
19379,3,3
1358,0,4
27115,5,3
31809,6,3
10823,3,3
16631,3,2
26209,5,3
6038,2,3
14309,3,3
6607,2,0
33197,6,3
11896,3,2
16700,3,0
2387,0,6
20048,4,2
33864,6,3
6960,2,3
32966,6,0
19979,4,3
32857,6,6
16447,3,3
16517,3,3
35455,6,6
26579,5,3
12288,3,0
23428,4,3
20559,4,3
30804,6,4
18446,3,3
7916,2,2
5913,2,3
21568,4,4
22080,4,3
14916,3,0
21730,4,2
11029,3,3
3055,0,3
16489,3,4
9840,2,3
27921,5,6
17595,3,0
26367,5,3
35617,6,3
4705,0,0
9682,2,4
27633,5,0
15512,3,3
25699,5,4
28647,5,5
30756,6,4
19622,4,4
29854,6,6
25296,4,3
29896,6,3
19451,3,3
33259,6,5
7985,2,6
23837,4,4
24415,4,3
25096,4,2
1780,0,3
5847,2,3
12465,3,4
554,0,3
15499,3,2
9902,2,6
18441,3,3
18184,3,3
34442,6,6
28192,5,5
21763,4,4
2215,0,6
18662,3,3
29655,5,3
20391,4,0
21137,4,3
23116,4,6
16432,3,4
7275,2,3
14110,3,3
3389,0,3
25470,4,5
7762,2,3
25379,4,0
30886,6,3
32364,6,4
30925,6,0
25896,5,5
5024,1,6
20506,4,3
15956,3,4
29550,5,4
32288,6,6
3650,0,0
27565,5,3
11633,3,3
4300,0,0
34780,6,0
390,0,0
1631,0,5
4846,0,0
17164,3,0
545,0,5
16501,3,3
20339,4,3
14459,3,6
12181,3,3
7877,2,4
7036,2,2
8736,2,6
17404,3,3
29412,5,2
8723,2,2
14717,3,3
21253,4,3
9970,2,2
9680,2,3
17624,3,3
5035,1,6
21979,4,3
34011,6,3
23910,4,3
18703,3,3
9272,2,4
28788,5,0
26630,5,5
25775,5,3
7210,2,6
7523,2,3
20077,4,3
5283,1,6
35724,6,2
13973,3,0
24235,4,6
19877,4,3
35179,6,3
3341,0,6
23042,4,4
25836,5,5
7140,2,2
26032,5,5
21171,4,3
9188,2,2
34805,6,6
26571,5,0
15412,3,5
10213,2,2
21949,4,4
24073,4,6
34584,6,6
13909,3,6
34850,6,4
15831,3,0
9478,2,2
4569,0,5
31554,6,3
25225,4,4
2419,0,0
13094,3,3
30169,6,6
28823,5,5
22260,4,3
24299,4,4
22431,4,3
24207,4,3
13324,3,4
33834,6,5
21886,4,3
17051,3,2
16254,3,0
6263,2,3
9516,2,2
16462,3,6
13472,3,3
28965,5,5
11065,3,6
35084,6,2
32557,6,6
15257,3,0
32660,6,4
17432,3,3
16917,3,6
21046,4,3
18756,3,3
17707,3,4
29080,5,5
23929,4,3
24776,4,4
14263,3,6
22853,4,4
12692,3,6
28671,5,4
33001,6,6
32460,6,3
33545,6,5
24623,4,2
8195,2,2
6855,2,4
16589,3,3
35246,6,5
9053,2,3
5329,1,3
33281,6,3
8215,2,5
19756,4,3
15164,3,6
1809,0,2
35005,6,6
10262,2,2
7949,2,3
17143,3,6
11312,3,3
22805,4,6
5687,2,2
20365,4,3
9376,2,6
33498,6,6
14669,3,3
12826,3,6
10751,3,6
34272,6,6
22122,4,3
24237,4,6
20958,4,6
1283,0,0
15167,3,3
27861,5,6
10007,2,3
35417,6,2
17666,3,3
25197,4,0
16890,3,6
9725,2,3
30304,6,2
31482,6,4
15526,3,3
22363,4,3
33641,6,4
10226,2,6
34554,6,3
18627,3,3
31927,6,6
17246,3,4
7302,2,0
12482,3,4
28795,5,5
6148,2,6
13266,3,6
23248,4,4
24634,4,6
10581,2,3
13145,3,3
34876,6,4
16602,3,3
26866,5,6
15264,3,0
34047,6,4
33373,6,6
19485,3,3
32372,6,4
32751,6,3
7086,2,3
5440,1,3
17195,3,4
18644,3,0
27345,5,0
29746,6,2
16691,3,6
13662,3,3
28388,5,3
27784,5,5
27873,5,5
21393,4,2
15601,3,3
19375,3,3
26608,5,0
1593,0,4
35553,6,6
4864,0,3
34336,6,0
19417,3,6
13315,3,3
9423,2,5
26821,5,0
9121,2,5
29310,5,4
1767,0,0
24001,4,4
21421,4,3
25858,5,5
27732,5,6
3049,0,3
16769,3,0
820,0,5
4964,1,3
6420,2,5
10886,3,2
28929,5,3
25211,4,4
20244,4,6
10338,2,2
27200,5,5
10011,2,4
12815,3,3
3282,0,3
20282,4,6
28316,5,5
6405,2,2
26115,5,2
23154,4,3
6601,2,6
2247,0,3
28183,5,4
15498,3,3
14425,3,3
16054,3,3
18071,3,3
29454,5,3
12265,3,3
13333,3,2
34219,6,3
1972,0,3
19944,4,4
8242,2,6
30977,6,4
19407,3,2
1447,0,3
13277,3,3
27257,5,3
6998,2,2
15383,3,3
34297,6,0
33326,6,0
23261,4,5
34152,6,0
10404,2,0
13795,3,3
13552,3,3
10965,3,2
89,0,0
7755,2,2
34684,6,6
18391,3,3
13502,3,3
28951,5,3
16112,3,3
26206,5,5
21405,4,2
15977,3,3
11231,3,0
27955,5,2
7771,2,2
9619,2,5
35062,6,6
10066,2,5
23508,4,6
10255,2,0
15527,3,4
6042,2,3
321,0,3
3484,0,3
18131,3,5
19398,3,4
24543,4,3
1148,0,6
9155,2,3
6334,2,5
33011,6,3
923,0,5
1664,0,3
20050,4,0
12388,3,3
20040,4,2
8853,2,3
9879,2,3
6006,2,2
